track_id,launch_spin_rate,apex_t,apex_x,apex_y,apex_z,landing_t,landing_x,landing_y,landing_z
065c1384-11e8-44d2-bf1a-db288c0ed636,7138.410171992279,2.418309345804908,39.695069766562064,87.47252933617918,17.391940760587527,4.690285733440546,70.26706167693816,128.66329841608047,0.0610000000000002
a97c3116-70e1-40b2-afd4-1a00b7147363,4354.994414847623,1.3379681631618856,16.329763527666813,66.26029560090679,7.40575785523543,2.65179610396385,42.57222869834225,98.85363908818218,0.0609999999999997
c2dd368c-3e5a-4ed9-8e6e-db8551dd47ac,6571.874438078908,2.56150480668054,57.67879666254859,79.88161825698754,16.020028027141993,4.851376471939116,104.86908538501694,110.50703046463407,0.0609999999999999
dc80735e-d8e3-4716-a20b-73c189f9895d,9689.13372993813,2.598049684557369,40.77530943625668,57.51037677909002,27.750966170693253,5.30762903733219,86.31767238729775,71.29011556055194,0.0609999999999999
9552ec97-ca7d-447f-8d11-5b17bd3dd31d,10304.002788849106,2.4239284467603825,33.43063150301433,63.08389705238882,23.3978763041425,4.927392503564661,73.42927196376887,82.32462583204222,0.0610000000000002
58f8ba48-c1f0-41d4-acf7-5f03009f021d,9833.913105070453,2.516404921918166,33.35596202752173,64.14714208332356,25.41872975137674,5.115247385287021,74.28904252021343,85.74379334514339,0.0610000000000004
d6e63f52-a798-467b-a0f5-f99e65bb95f2,10696.022487204295,2.4524559021626473,34.880208145276,58.441186032432554,25.238399841194926,5.049521251641912,77.00814074795554,71.62981077548088,0.0610000000000004
29a7d003-5dd8-4bf2-a5c3-b43a0e62f453,10486.266946287671,2.08479257846896,22.44494282189018,56.39179585542207,16.68243743076284,4.216445787346195,56.65828980823145,71.13384626816637,0.0609999999999999
2557cc62-a469-4998-bd82-3ac4a05b6e1b,8750.565566713987,2.4245089308846763,32.588104062323524,73.7423248860394,22.925900256506537,4.874167782914651,73.01948133763636,103.99095499926318,0.0609999999999995
acfa182f-177c-4d4d-996d-c573e242e566,7077.360343791545,1.9857008632890856,28.406662852516455,50.46454246661376,14.35145839275295,4.071043885367588,67.27421821981903,60.86088780444503,0.0609999999999997
0486ecf8-2e97-49b5-9e21-5da6b7780770,8830.291618932166,2.995349897479413,60.907110128875,80.39094265083484,28.82266751880966,5.810619142933337,108.58094845240011,106.24772956724796,0.0609999999999997
ed127a2a-c0aa-4757-8860-ce5f98df69c6,4522.1441055297355,1.4770887519825722,21.54894552791562,46.04896752798851,8.20086245598799,2.9572083163887912,57.939540638143505,51.64622780388306,0.0610000000000002
d2bcae15-56d7-4a9e-90e6-95799e3a2a35,7219.58995472731,2.272403928735751,42.62996669962514,62.19303781924855,18.623124622601278,4.580670845717375,92.36732496693612,75.64680108821638,0.0610000000000004
72c0ba08-8f1e-4565-8717-2324993544a9,5572.247248943853,2.178051521423911,36.127982794555116,64.91091742818018,16.581044348507096,4.364429270047897,82.39746145260303,87.45308413760924,0.0609999999999999
de5c76ee-26b0-4d84-ac1b-c4ab47500671,6208.656461767378,2.1999671948366095,38.18313752851086,68.8670317926376,15.346110757258296,4.3555094094050855,81.77969480125824,95.19260510068793,0.0609999999999997
f129a513-86f6-4729-b8b1-18d1e4e43a56,4744.723224602463,2.1137632073773434,35.857711806620934,57.705435497275765,16.6150540272179,4.253349010620027,83.146073403749,71.58150192264456,0.0610000000000002
73067808-1bfc-4cc6-b493-4c447f40270d,4514.526544695626,1.2529448077492449,15.469317036858993,43.58344191419566,5.90405893657962,2.550663586618946,49.53789895953675,49.02731302050682,0.0610000000000002
285280f1-1f6b-44bc-a2ef-476010e16d49,4243.06752416476,1.7878143234003534,29.214436154220312,47.10744285010908,10.838507038896877,3.549067070071412,71.07585679519846,54.4780771496398,0.0609999999999999
be4dd272-b23c-4e97-9d12-f5ccb63cbd29,3833.462925111049,1.0735363239564455,10.817731972142068,56.993877819158385,5.159057476796731,2.1026983725203157,35.87321184934862,78.867541419945,0.0609999999999995
019eccd6-c8ec-4628-bbea-64799279497e,2260.0926187298523,1.165088411457195,13.306592331766593,61.9829665980145,4.90448842773853,2.2416605636209477,37.05735281122731,87.34848362125577,0.0610000000000002
76f72813-9fef-47a9-9dbf-e4b5d89c9186,9553.334417193631,2.0765399482665896,19.0336901699568,59.7048450787775,15.999976873882282,4.187628860051862,49.78503397452798,80.67882675622906,0.0609999999999997
b23e2488-da48-4a9a-ad0d-d4a4cc9471c5,10301.25497122621,1.8984742473773848,17.317295994163466,59.210579200338984,12.102268225418031,3.722046331612631,46.19113539067684,78.17770770129184,0.0609999999999997
a3a794ff-3a50-46fd-8b17-56a2068e39fd,10349.634086023792,1.9597142891196548,18.410292207594953,59.27554178591225,13.72955710603645,3.914686543219776,49.4996128303075,79.00010460219413,0.0610000000000004
f2165cd4-8627-4dcd-b620-b54cfad875fa,10430.049410899015,1.8935130638022242,16.317217037206937,58.61926385900242,12.710366917628983,3.773387238435442,45.227824151989566,76.87738537826183,0.0609999999999999
804862ed-3f03-4534-9db7-dda652f24387,9854.272591655585,1.7369849961116919,15.086700942520416,44.54636792498105,11.620998468529459,3.571694511668973,44.05924646094234,52.99265385000517,0.0609999999999991
fbb23eb1-79e5-4f5c-8fd2-07d12590f9ab,9424.524317231284,2.4203208673676246,43.839993188455566,68.49961272926343,17.12619750824281,4.737868224819313,84.82852476993575,92.26686287249952,0.0610000000000002
a29cbdd8-393e-4c90-97e3-00d9624e625e,9547.808611432625,2.644032864185324,46.61090361267958,72.68559445932281,22.30949129593047,5.234686006804375,88.69558698897347,99.27202387436748,0.0609999999999999
0ddb7709-d9f7-456a-a227-71c9aa57b9a1,9055.435961088036,2.54823822729778,43.67989320256657,71.08484264786443,20.444030758274256,5.07584442764019,85.75352420798207,98.3520335535867,0.0609999999999999
9a4ce044-d674-4cb0-a8cf-e330fa857125,9241.041733002388,2.4932801578411246,47.10019409490556,70.49141840677706,18.564642304952816,4.889561133261759,91.25266538442207,96.63074775560352,0.0610000000000004
d854cda9-05b5-403c-864c-f6b21d9655ec,8475.2432132437,2.6175986084216074,47.24942371492274,72.05147524947319,20.358722671899734,5.092971424336946,89.35216146278786,98.6210696149231,0.0609999999999997
bd004b3a-5a67-49ee-b5a5-afdfe08e5aa7,7233.940023687814,2.588238659590769,59.755983794646355,77.84745029967924,15.647552292890369,4.7935280807940055,105.20660939159264,103.5891930207303,0.0610000000000002
bd39aa44-4555-4e73-aa42-1757251a92b1,5308.823411199695,2.8799746154600436,75.52811209011837,83.98810327861712,21.788472034110576,5.540404922777753,130.5856779459859,114.32890637637743,0.0610000000000002
9d5b81cf-3435-49b4-a8d4-7f2ce906312d,6165.356815125758,2.7455483873589923,71.91257099682863,72.68180939371898,16.481792785802632,4.9680691781460595,119.14524746996003,90.27429045440526,0.0610000000000002
9fbfdeab-f375-49a0-b030-27aefcf4ebe2,5342.969618470292,2.376536351607666,55.556242565174266,70.9870272408836,13.322679974643249,4.404655375620413,101.56586215006051,92.18939519579443,0.0609999999999999
f9636e73-ecd9-4959-91b9-20e36e651231,5744.345060878269,2.9303718325267987,72.53799589533897,82.48518271333248,20.927946635831148,5.448818121028549,120.88129155792676,109.79005644736277,0.0610000000000002
54c5a503-27ec-451c-81e6-d610eef73666,6518.494524182359,2.63247330974315,65.40471359009213,81.73303198738463,15.338890527904171,4.823967432534423,114.23296499655689,107.67921273888241,0.0610000000000001
87679773-3eec-42fc-892b-b143d4bd5d6f,5944.7864349461215,2.6622317302040233,77.12099841617722,64.36506912187896,14.962222882551048,4.89544701006144,131.8676092241589,77.40789460673109,0.0610000000000002
cfe21f1b-2c25-49b3-8b18-447161bf8e12,4901.222107513254,2.4155903484616656,65.57407357019267,62.20451108224245,13.026452040059867,4.520892497074678,120.43368211783897,76.82573585866575,0.0610000000000001
5edf441b-901c-42b3-8436-39c6fab563bd,5367.9295878576295,2.4179659044567914,66.98787087214937,59.70598479179236,12.460231709199858,4.466329107731244,119.89013826099503,73.59661819776663,0.0609999999999999
71979658-b314-4131-92ec-87529509adb8,5702.12700781014,2.6986383929140576,79.39830615026062,62.796559261178444,16.147452277115253,5.025377751637495,137.98283835618997,77.86678256059022,0.0610000000000002
271b6452-9b23-4e6c-be3d-8e30b0dc4910,2513.5665740806926,2.8839713612812856,89.66979381281985,89.16143722576638,22.085905047255455,5.598445512251358,155.5810983094886,122.29676307120293,0.0610000000000002
67f65d63-9f7a-48a0-b120-910512f23427,3255.0206239811355,2.8795649469476334,96.17546928747589,103.37189800523134,16.04179884648145,5.341812101135896,161.0533046792743,147.7027077329147,0.0609999999999999
95b1bfbd-c166-4b6c-a980-193fd0dc2ab0,3467.189101603281,3.0106065045149792,95.78373885791623,100.24835878768657,16.84312773936874,5.5006662977691,157.61516894240515,142.38605748369133,0.0609999999999999
e50f7ff5-2575-4026-b5b9-6cab680afe19,3200.781494677506,2.5950058569138705,71.41812412815376,65.12208312105344,17.808898771963936,4.960903379918656,132.97732097645394,82.56542258442276,0.0609999999999999
5d2114db-21d1-4805-becf-69734cf00391,2936.867980963779,2.5619489136843843,76.85179000962225,79.90779731635953,16.444173874137217,4.900187578632161,140.57996983410095,110.41925794235803,0.0609999999999997
042454b1-8bef-4869-8efa-95e7031f02e8,3274.433047757249,2.65519019623411,88.39359325086589,90.67369717614997,13.550993638851027,4.988743314023231,153.493546473078,126.92000849578031,0.0610000000000001
a2cf6bc9-2baf-4ff7-bc0c-267104b6d179,2294.612584699884,3.024315819483717,107.75614625127128,100.1611150458507,24.996521734840904,5.862190773788839,188.17192102590806,136.75405112685849,0.0610000000000004
5ead2d3c-28cf-45b4-80bb-517f787c323f,1994.459598455743,3.0289353680849977,106.3345868283651,87.3852772869896,26.836253815076663,5.924109714076768,188.2545173233649,115.93178373126969,0.0610000000000002
205cadeb-9451-42c6-8aa0-70e053b96fc6,5775.5071120127695,2.0804260871027274,47.74742242951683,68.00801853700905,8.93410463345038,3.8178290721798303,88.4960138165421,86.0279867147876,0.0610000000000002
94c42ee3-5858-4f12-8bf3-4a6c1ddabbb4,9962.046314854973,2.676480874625012,45.75309989681824,69.48310428379199,26.47605307353119,5.428745751743628,89.10990262213899,94.45169215788196,0.0609999999999999
aa1d0fd6-5e2e-4832-9565-3f6b32769e92,10041.619983592751,2.7053548615571654,46.33647792712646,69.63700878418032,27.118921745537577,5.505427305263613,90.11336856721029,94.73608721673357,0.0609999999999999
667ccd2c-9b5b-4a22-8411-90cbff82d9e2,9748.830410720153,2.8654299488113724,46.16401384034976,70.13173309554166,33.3904896449893,5.956719793769077,92.91894115437913,98.08651513893831,0.0609999999999997
18cbdb71-2f67-4e74-8702-b88b142b1a49,9558.831618588221,2.8496959032267264,48.85561667323421,72.39969365638692,30.63376654094327,5.850630005609588,93.82873487605902,100.2371050487436,0.0609999999999999
046ef719-e596-4bf3-a6d2-0efdc7461188,9628.303192385303,2.8443992717831152,47.35849070808691,71.66065032296507,32.71592319472331,5.851337250570846,92.52473595418142,98.75822493239757,0.0609999999999999
f667e2cd-1546-4a41-b21a-ef797d0a4a57,10573.20936045457,2.7918173645190487,49.08490045821108,71.94947211628364,28.85415322726189,5.720250314788469,95.48007516701597,99.44273674717468,0.0609999999999999
fbc599bf-8339-4657-a7ac-0e086d546b67,8798.22346073438,2.8189670238083195,47.882320915622735,76.68245456574265,26.622261853114164,5.599199665733445,87.48673603595925,104.77880244595741,0.0609999999999995
8b516507-24cd-482b-8d16-8a57ab38fbb9,9713.270994364448,3.1628208402264155,62.41855864707998,77.21004990226187,35.374462825128255,6.444394448910468,112.14784164709455,106.73317414560539,0.0609999999999999
5d5590a7-36d6-43ec-9055-94f1da1c36cf,8785.332760318055,3.1997430975820946,62.96980704361072,81.39635320232547,34.53978936254704,6.49849949581084,110.83075203954706,111.82682548392748,0.0610000000000002
7f1e8c76-e15d-4af0-bf35-89ca627d3452,9405.806773276865,3.2046616982975933,66.11824504189897,77.35694447848196,35.20176874268523,6.44556162146133,113.49043288184427,103.74062991858206,0.0609999999999999
26b6cff3-457d-4337-99cc-331955df85a0,6386.446073866108,3.35086221982568,89.75275735021101,78.84695682582955,33.83781980220377,6.555473239790004,150.22676533717103,100.95063329542123,0.0610000000000002
79e47389-8820-44d7-b7c0-6e950b4f2cb7,5990.254704525904,3.258497156800832,91.58051177462627,80.41517924568258,30.933554130392885,6.3526368945473095,153.3762098436044,109.87968644926309,0.0609999999999997
d74de485-c6ab-45c5-96e9-f83f4196b7fb,5647.141950321528,3.294646327026495,88.2162886373116,91.64905377133574,31.03372144453612,6.412375048823918,148.72971274031786,125.15503577981194,0.0610000000000002
a8f7f150-6b4a-4d84-81d8-6a09a2ae8f69,5357.255560061187,3.287235978710371,93.04857078065092,86.29271683402905,30.57914433428098,6.255649017919665,157.19104623235427,113.91774761669288,0.0610000000000002
3aaa3f0d-ec85-4e13-9f07-68441460bc50,9446.649291276519,1.8451996072225412,15.163516316727973,51.823953159867216,12.518130234507538,3.7890916064436415,45.81858401284739,65.19603501200761,0.0610000000000008
bbb67396-abc1-42ac-85d2-30ad28fd17ea,9741.353657258784,1.7594238857850728,13.614169535857798,50.84361777573043,11.4200985494498,3.601277314168058,43.57523600901175,63.45200891034252,0.0609999999999997
78560113-cf97-41ac-b047-8f39b6ae460c,9188.120221034686,2.0822305499424725,17.313484087415695,52.97744525805787,16.083344401957355,4.249343901860562,46.05472772779885,65.06548960690755,0.0610000000000017
5ea7a8c1-23bf-49ec-94fc-da69d28234f4,9810.863038464915,1.8765689854133079,11.876220880824695,50.854245146838146,14.193520507600365,3.8117074734149172,40.31286605744409,63.31185403590333,0.0609999999999995
6cc72a91-913e-4736-bd40-ca013a3e8295,9769.828514600873,1.9415458831236936,14.194104997748465,50.49961328204005,15.7373409791598,4.030908172674057,45.09866544973737,63.027691350112256,0.0610000000000002
2f1acd30-2a59-4ecf-83d6-e89931ac79b9,9551.00651924714,2.3105746933657993,33.55589223090243,53.82280416159844,18.023860403896613,4.629930262139839,70.33787130001646,65.30824646976859,0.0610000000000004
ba506784-037d-46fb-84fd-bd7c55df4847,8546.895341148804,2.273934264746499,36.47596816048235,62.06301127042781,17.4751463084743,4.5816425735391935,76.44457326680488,84.85730510423855,0.0609999999999999
170c3371-8968-4128-962f-7d9b5ac27875,8695.112163402202,2.2891128294710765,34.60761851653533,60.11855114845986,18.48356207954169,4.655802865822436,73.12225561256483,82.63399352983744,0.0609999999999997
7a4eeb50-e853-429b-87b8-c58c1da17c67,9446.720682972225,2.3915968200243243,33.734054256377334,62.898125219746305,19.293620395850912,4.76171755631674,69.79562973036234,83.39012855072366,0.0609999999999999
b6887672-1f22-436f-83f5-6e7b747d4e1c,9525.792651291753,2.5610429705443463,38.30767345426936,61.105187710809616,21.8684229588522,5.0654646784748225,75.82838743860253,78.88519721298465,0.0610000000000004
2b2a55db-60ec-49cd-93ca-27fa33037678,8495.147674642001,2.3994606177895053,36.524854413158906,62.423846198554386,20.10893926633686,4.801614349277681,75.0301636727934,83.97673682194139,0.0610000000000002
ea1553c2-5c39-40ed-a770-03abe6f267ce,5758.5356681509,2.4342317799329263,43.62420549362842,60.61865072529789,20.23267403227692,4.855168370966792,87.38024194618586,80.31773036573162,0.0610000000000008
559f9387-ec7e-4f4c-a9d9-d7fa83de59ca,8847.937032989728,2.5788655121276975,48.402577288076714,56.50061503392506,21.095916239102866,5.103559215078332,90.48498414165056,72.82530778273967,0.0609999999999999
491227e2-47ad-445d-91d0-74c64324e7d7,6842.371672685979,2.319219246518369,40.339404762303836,66.06399238135938,17.825671468965766,4.691522227583197,83.96497594577309,92.42888384048214,0.0609999999999999
89cafbe6-859b-4c09-8326-7f78a2a35b40,4976.2539731526285,2.3557916930554272,43.33782797416986,59.93909962074378,17.77862455627136,4.707255453906309,88.03568272189669,77.69325108903031,0.0610000000000002
77376e26-4b73-4547-bc89-7fc10dc9f8a1,6392.794029198819,2.5609262977953677,51.941119906673066,66.98444950387753,19.568914001588784,5.000396922020482,98.2850684204066,89.42291516369215,0.0609999999999999
01436dbe-011a-4f2c-9c8c-ad0995d3deaa,5125.393954177143,2.4616513053595206,48.467478279252084,58.105432832660725,19.705722509263925,4.85139602711077,94.90652803461217,73.5256522702211,0.0610000000000004
b62b8713-0c07-435b-9587-bceb41783ca7,4195.6053560575965,1.6315608007930256,28.921160365096465,61.11671219481014,8.00539621984702,3.162258613540272,61.82155147638711,86.98695642645683,0.0610000000000001
3b572fc0-c712-45b6-a54b-a211f9a1e855,7252.956413375367,2.4813459156231876,60.34838441487336,62.723743815728135,14.712870168693264,4.695561330802869,107.5548369967705,81.99849768085228,0.0610000000000002
a25aebd5-1d5e-4a2d-a6d6-bed151114428,4923.912339377564,2.3942402995932546,58.015807982027354,72.79713194469646,12.951112208182675,4.455930584397723,104.54026121420965,102.25128647251421,0.0610000000000002
d7fdd9a8-1d80-4ab2-90c1-479a24ca098e,5269.018040200941,2.3220615813297036,53.5890072746444,65.71580035182107,13.373140452371539,4.3916297999089196,100.19139035688355,89.57720719887901,0.0609999999999999
2fe63d5a-bf78-4bb2-a686-be1f39339798,5156.593906221983,1.892830958231452,40.69955866150642,64.74905809583157,7.74839201094774,3.5255408009741416,79.0162335578137,86.30079999943408,0.0609999999999999
d7f8522d-0158-4495-adb1-59ccdf051f06,4237.493343931982,2.406671487956103,54.596627970638835,65.63264753373385,17.310417862769047,4.721503725373133,104.14950698473925,93.10201367750363,0.0609999999999999
4149f908-5895-43d6-9d44-703a5079ba00,4251.56447705327,2.6241626732215506,57.32534606655585,58.694989855666044,21.671741219385865,5.247810151300258,109.72547366611502,72.77729698288009,0.0610000000000002
c452a8df-fb9d-4b2d-9bbf-7d9acfac3c64,4582.6390356921775,2.8452232443085603,66.0360036809261,78.8948801086429,22.838777993096283,5.45476708970905,114.75631321612379,114.36852655251724,0.0610000000000004
460f06c0-b95e-4241-8a71-b501e838bc2b,4880.082401061379,2.811005756793731,69.12600581506962,79.59118630340332,18.629303591741433,5.136947279836498,112.36809784454363,111.55823767560855,0.0609999999999993
b39e34f9-1029-4c25-8cf1-6296b79fc83a,3897.9217744422435,3.0240771015258665,84.94692054956215,66.272349283626,26.594555596082163,5.93891883701814,151.9016571278783,80.7812623140742,0.0609999999999997
bdbd98c2-58aa-4bb0-a104-e10b74b644d7,3155.643883421416,2.9521563050284056,82.17265372552467,76.31270655357172,25.827868122954033,5.881826481170821,149.09943565109407,106.31829798415275,0.0609999999999999
4d93adb7-e8af-4862-941b-ade9eea45e72,2397.5255101762314,2.7291562815598804,77.92960403761575,79.2789923837097,21.282272853231834,5.306036270189286,139.76883141214614,114.02095285488187,0.0610000000000004
3879122c-24b4-4286-9e3d-8259524ed42a,3036.4311083514776,2.9919088321960667,82.593795680566,83.76524365673373,25.54752947858882,5.805319754984555,141.98702018619247,120.1694050270617,0.0609999999999999
6ec38a2b-eb4a-41ea-b66f-05fff95cdbd6,9207.616602447344,1.8962441037936693,16.176893204187184,55.13086214964655,13.098305090393225,3.778949634131163,44.96330085965663,71.15066668855928,0.0610000000000002
e91a8a1f-defb-46cf-99d5-5811bd73963f,10832.385813629642,2.1905832942812014,25.38212556657003,62.692449715683345,17.2292065168306,4.429535326544122,58.757443903467866,83.8465362760763,0.0610000000000004
3eb9384b-5a9d-4ade-ae62-a7c1be2558ba,9429.052457411039,2.0830334421851875,21.99877562588839,56.85729504631602,15.48104729759446,4.213612919517179,54.18146798962032,73.68745937900698,0.0610000000000002
ff3b20c6-b531-40e3-ad06-01a9839661b7,9970.312069863598,2.04122918286535,23.891996133764373,61.593877774861866,14.662032533027698,4.093166630654641,58.095761130721066,82.40313701493517,0.0609999999999999
f9a8bdb0-87ad-44a1-8750-8afb20b99747,6268.98861597858,3.0832730014076515,71.08203103107994,82.98984225220319,25.965113655117264,5.889568287050785,118.31203879472118,111.14743098429611,0.0610000000000001
4eb60dfb-095b-4be3-8253-45b92fc87274,7352.857953519836,2.982250435608821,71.73250005477414,84.32851549603515,23.247720404214526,5.682997451956251,121.16692283193157,113.58919138729226,0.0610000000000002
4bc6499a-d45a-4100-9e40-08df54b338bc,6934.949294319279,2.978590450166571,66.53846603201,87.5475914209002,25.747980260480997,5.84226664604955,119.62303721094501,122.69193430081806,0.0609999999999999
a7665d5b-a238-46ad-a349-e269d1e8c226,6903.571671177238,2.635716216238021,61.44083325947397,81.3463795717424,15.406161637653312,4.850017612553387,104.46334022585717,110.05387832959055,0.0609999999999999
7acab961-836c-4b84-99d7-d58b988ad51c,6747.204518046493,2.667415796771701,63.77447423494151,81.55956055331764,16.296411835630455,4.952426861566676,109.97964849966478,110.31753888770348,0.0609999999999997
ed976902-152f-416b-adea-46b5302bac36,6462.417028351454,2.9195259614309443,70.20263537290955,85.82971266171371,22.323715520557684,5.51212281222511,120.16519936525818,118.42034239851557,0.0610000000000006
c704d1f4-814d-45dc-9d8c-735336b227a3,5649.868403457458,2.905662646413096,76.49150878644218,94.00165586800969,19.890844149927656,5.7553160517634865,127.23191260072656,129.05762267894744,0.0609999999999998
fc739e37-5ca9-4c36-8da6-e50bef08d2a9,5551.76788746232,3.0666696970185976,84.42292040928045,88.4436545151131,20.38927978983507,5.80488868111264,138.9383554227275,116.49282200774712,0.0610000000000002
89c23458-250b-4b10-8e94-8d499bdd5498,5765.374777228927,2.9056690128823592,74.92455181853293,89.44145828507148,20.182605574958583,5.560914669043624,129.10347428087601,123.81624491129091,0.0610000000000001
6c86624c-abec-490e-be37-360da0dcd20f,5110.604636617895,2.5558359810966618,66.68370627893569,81.61496099236112,12.458473863451596,4.644855742425163,115.82140476002205,108.62306690507171,0.0609999999999997
44e63caa-fb51-44a2-b544-aef1dd698946,5987.402914830498,2.5733232409530613,70.16604197359312,77.05267285900136,11.342788828559845,4.485961501520372,114.73653101645411,97.4670857938882,0.0610000000000002
864c741c-d150-4079-b123-52069dbeeb30,5343.9767782607305,2.7912357353317088,70.13556656672333,77.95397804748296,18.838613041551106,5.131645418298605,120.37139275944573,104.1799541919484,0.0609999999999999
db7c1bcb-9538-4ef6-af7f-fd9eba7f0139,5292.688210963941,2.8930519279242732,79.28784008282625,82.22943804413688,20.336508848759138,5.566354995092004,137.23426971009542,109.88991788334693,0.0610000000000001
2b7f70bc-cf60-4da4-9c52-4ed5b08cb0af,3217.1103603939882,3.2759413815642837,109.7586943478238,106.11173076998864,24.804243843832403,6.098211653506045,181.44533397034408,147.21409950734235,0.0609999999999998
10f71e6e-98d1-4f04-8381-4e7f9a582ee6,3420.4876031774625,3.138386642373269,98.26451783571264,107.66311116838637,25.542134240112226,6.032992431018286,162.4108208201726,152.7569493806446,0.0610000000000004
2a249c7e-6731-49f7-8ae3-67a6bb53fb71,4011.564094689398,3.3316595716785558,110.67854332937662,98.78476953601893,23.365916211086937,6.105283819160578,178.49923472053644,122.56142496551314,0.0609999999999997
bf6a13d1-20ae-41cd-acfc-3fd6ad892592,3088.2915303184363,2.5576499878864927,75.18263226669168,112.72884330572755,10.349508563667609,4.671247608814557,126.04566777638254,161.88558819438492,0.0610000000000001
2b8d7290-83a4-49dd-bda8-8eb6f71410eb,3156.4883122850633,3.388464746153924,121.09497375199685,112.45888756009683,25.439056449962315,6.162506343487693,188.9186277911854,151.66572433861748,0.0609999999999999
6d33bb9e-d366-402f-a5a8-5b9c19aeda14,2657.6362100745805,3.1992755102519967,117.66543505832084,103.93425885778727,25.089324392072697,6.038957600638975,195.4793209946879,140.83466266112939,0.0610000000000002
a1bb2370-76c6-48db-a018-98e3bb26cc6c,9322.793298439981,2.6178775146113527,32.57116581760578,64.1535608024247,27.40223239546602,5.379220235113272,71.44920266795837,86.07448762936056,0.0669999999999997
06f8054d-e9d1-4c6a-a16b-6200fd544c10,9459.002760283796,2.6760933412893246,34.804132945803715,64.46206270110099,28.740937491574392,5.5155812343561905,74.94447314622363,87.35657992797881,0.0670000000000002
dceb788e-62e3-4b24-bddb-e1e3efcc7010,10775.423993642853,2.596946920287957,33.15839120223596,62.77415972353867,26.590647794713355,5.364620594723811,71.2978253669128,83.33709115639921,0.0669999999999995
dcd41b17-b669-4514-8e82-93305548c3a0,9406.173759791518,2.627049036070656,33.18556750615013,65.45701413517385,26.54182008321485,5.398108818091629,70.86376950147258,88.70581893118744,0.0670000000000002
dfd6cc53-b67f-44c3-8a77-97ba2d3f1bce,6187.219195154652,2.3974259479499085,51.20143800454949,70.15260599025952,13.871226128457316,4.467496175249192,91.92142436025105,93.2917405054454,0.0669999999999999
762a040d-a259-4d69-9844-94150ab0e1ed,9364.942515423145,2.868007883322618,57.70282585818477,71.93046037005374,28.536099899022922,5.856777843499768,108.86039762131594,102.41925589238535,0.0669999999999997
db76eae8-da8d-4001-8d67-9d50c99819a6,9226.219569605597,2.8020356287526518,48.338031326572256,61.02382250033206,31.963908743857868,5.839207278132322,96.67760138310044,76.85424444968584,0.0669999999999999
23b9b837-159f-45de-b5bc-748959019e89,8250.482507266255,2.919859025596059,58.04865980897384,76.17735604391348,29.997889090737893,5.988168731351821,109.75967189051832,110.0692127439446,0.0670000000000004
0db70d1e-5497-4cea-b8c4-e1b100526016,5473.887060005878,2.9210954561323654,67.563828280634,75.8145919984998,23.937721337100903,5.6509601641586595,121.090105022171,94.70085336082771,0.0670000000000002
4db51cbb-615e-463a-9850-9bccaa3325c7,5763.838331249452,3.090318313931668,74.34448764336189,78.8257747830689,28.139500930212307,6.116905478498835,131.46699478888254,104.1995495409799,0.0669999999999999
6ab3a8ff-956a-4a64-a439-6d2aa6461706,5079.5395611377935,3.206407346478701,79.05181799237317,79.76026205789135,31.450321650622232,6.355541304356659,136.96465758575653,115.79302288301795,0.0670000000000002
f99fec61-1540-435d-abb0-ad2e9f347880,5554.325396495988,3.004274794128268,72.26100540033019,71.91431242122155,27.617148856515406,6.01129461956958,129.80326930136397,88.66851996791368,0.0669999999999999
223def40-4905-4699-9354-7d96880c3974,5379.379520428236,2.730392853972147,90.93509376817592,75.00783648904866,10.755361493408266,4.690493650367744,140.4670480469839,93.03498149313079,0.0670000000000002
80b8fec0-f656-419f-bccb-0998a044b4e1,6304.202459417871,3.3115543463109933,90.9645280941286,73.75244862188848,32.61272532032354,6.439884114929495,154.34948834508643,86.79969555571996,0.0669999999999995
ac6aad21-2318-48cf-a2d5-6ff48c1dc9af,6373.884082671827,3.2439316879170343,83.78404323381008,84.3402832068502,34.16243116039818,6.440734676379643,147.94971149141685,103.05479230533336,0.0670000000000004
877c21ea-833b-459d-b98c-beff651c2d12,6270.88527666565,3.2949969761764355,89.45138438220181,78.69207259650278,32.165222753799725,6.407884585923204,155.8863881864993,93.2241267302285,0.0669999999999995
f93fc728-de04-49cd-bb21-24b9ef3f4620,4167.288280471342,2.682451347562365,96.27193155451064,78.08813795945593,8.993069641995495,4.610236592156095,152.55609581965288,86.57994917310157,0.067
37e236ae-9cd6-4e04-9f31-bb7c00142f2f,5429.91405860702,3.3741183795374754,100.98795777287333,81.47004172828798,31.591754376372627,6.507416910059325,164.39830729207367,92.65397729130001,0.0670000000000002
9fd0315d-0c9e-46ec-9548-c818337272d4,3716.7441986112353,3.3217432201083095,111.88497092715288,100.40062352034556,23.441025532899285,6.181670366746918,179.69284423955835,135.7971656355782,0.0669999999999999
55341300-11e8-4ef7-80b8-8cf8fbc54acd,3876.4823825280682,3.4646830060752998,111.22235470352501,87.1817099082243,34.147820237967544,6.6940032027377505,184.02018835807817,113.74409643268199,0.0669999999999999
71140f76-70ab-4870-b3c9-5f74b80272f6,10364.482607792661,2.357878724278847,25.5831627136649,61.81185354227372,20.4826256375467,4.749233558005829,58.64824738020705,78.58943634289466,0.0669999999999995
ca069d1b-5211-4b9b-b2c8-8aab251ff0d3,8546.603948047512,3.0448974164332334,54.52899684711073,86.42450606087915,27.04796728540396,5.886692978383718,92.54909153481367,114.87481306371433,0.0669999999999999
eb8aec0b-d07d-4bf5-91e5-edfc4fff488b,8852.932275859579,3.1698636407483054,59.71632822713082,77.99020526490816,30.20675446464658,6.234241212299905,99.78580700151876,97.63757388921971,0.0669999999999999
967fd4fd-083c-4b39-a0c7-9dd119995cdc,8078.294114094112,2.883537400649147,54.30297485910096,77.48982885192699,23.53613844635873,5.552088674943303,98.14883246496785,97.45276244923285,0.0669999999999997
495268ac-17e3-4fed-ac7b-5c3b7c8f5126,8590.91718947818,3.065482982420518,57.029675691228675,76.76345680382298,29.50439810349178,6.127290532275836,99.83298978537437,98.65546316064345,0.0669999999999999
e0c7ad92-dd11-4ada-a34c-bb3cf98d0f3a,7981.993030771279,3.0147127068768578,57.32922777962758,85.20311581282995,26.781012790374266,5.948797533326831,100.82356516814195,114.35255793223631,0.0669999999999999
88ded410-842e-4fc0-94f1-499f68f62fb8,7011.29311979908,2.767423884605543,54.67127123000694,75.12582646763022,21.26542628620442,5.369133489077331,96.9739148953017,95.95370499139258,0.0669999999999999
f4ae1e4e-8966-4931-b119-8e390bb55724,6242.002745492425,3.2177347911282044,78.37575516707889,86.93638420049771,24.06156071686866,6.023501931531578,125.09858129462565,111.9060206032841,0.0670000000000001
86c4f33e-9fbf-41a5-a4d4-c7d8366b1fe3,6142.207149174159,3.026717008163596,74.01348996132751,90.49203996550283,20.607270704195926,5.93049080904652,121.36150282991382,119.5935968877332,0.0669999999999998
8e951d08-e6f0-43bf-a1dc-31eed5bea6c5,5156.931348139493,2.628479053246231,60.14908233136818,87.24437204320658,15.643609745949917,4.884943848876989,104.61373672713869,120.38003491991874,0.0670000000000002
91e95fbb-0a1b-49cb-aea9-812d8802b36f,6588.581884400114,3.045409648900504,75.55710782601389,81.5815223530861,21.550366100732113,5.5620925715808704,119.5816680934523,99.9974092733022,0.0669999999999999
b6d48086-3fca-4523-a362-5fd2fafe9af5,6866.760837603766,3.16734155453215,74.55497277062585,83.71789859518589,23.216448107014585,5.981948892842167,119.15186092688467,101.00570851279035,0.0670000000000002
77e23cd0-364a-4071-8377-81ffebfbafe8,5856.487355293233,3.0909627927594845,74.42550795407426,87.48296490311016,21.840985709255094,5.9118843913872645,120.47980562879765,113.78969532488708,0.0670000000000003
e8688d9a-0af8-4481-af88-b67708bbf6b2,6857.667677634327,3.16268055978963,74.38029965046378,91.15697331202938,23.771440861417926,6.075221438726682,121.80363799505417,119.81350882745332,0.0669999999999997
b8e8e782-a1da-466d-8457-27d261d7a919,5463.5405495593795,3.339615282054114,89.55389999304307,97.84556904398214,22.85951386192122,6.122217008053238,139.8414544241642,125.69301808056096,0.0669999999999999
d7080c73-1e15-45fb-9636-79ea9fc439f4,7117.344647177775,3.357408946964455,90.88378009694053,85.7018732664331,28.715246450894742,6.452886918614875,149.3778181180766,95.31092204408606,0.0670000000000004
c30c3fe0-b9af-4a0c-a026-8ebec1481e32,4115.53326559306,3.4644682459507425,102.60619142423785,102.10184920301414,27.65257635309937,6.419020738940536,161.25520202621541,132.29479768613842,0.0669999999999997
0cd3e601-f283-41f9-b53a-7836482e7aa1,5167.252668994778,3.3450323547221594,90.36517253709569,93.39356931313606,25.617166498681563,6.34959130627401,148.05169094016563,119.3002309221211,0.0670000000000006
f76cd753-02bf-4a46-81ff-8c71bb56a120,5012.714098822091,3.1510846553751133,87.38610871566448,105.08986635846253,19.269403305524193,5.684917171363885,135.05054388717704,142.8074633702328,0.0669999999999999
f0dc4061-86b1-4433-be8e-59da36e77308,5103.256876236779,3.4251104615604384,94.99519126685908,95.88033903255253,25.48856248307415,6.309621033034629,146.66792366077675,119.31738340726923,0.0670000000000002
b3289e23-5efe-4fd5-9f2c-1231bf9de538,4993.359214128881,3.7177267661376114,117.84719938993054,93.50045139898216,35.45412483877578,7.064240558813798,184.21545585232855,108.38358508460956,0.0670000000000002
fe3a1ae7-2ba3-4181-9476-8e1de59cd29e,4837.018955630763,4.10578463658887,124.06076923519268,99.89619476519293,44.435650878298844,7.964996496080441,192.92373266135684,118.79063673894592,0.0670000000000006
54cc812c-71c9-4f0f-a031-a05b54407cf2,2451.056013431523,3.469178781207773,122.82854647071161,102.64740850338232,33.480625753265,6.765443882054753,203.5799215061011,134.25810218363463,0.0670000000000006
e880378e-9e40-400e-850b-d9dec4b015b3,3029.306783245645,3.3649125716754393,122.84829731423069,97.53965464295325,27.711808922819273,6.227734304797694,200.30319886097288,120.86132400938367,0.0670000000000004
20c008c3-2215-492b-a00c-1cdf2bba7032,4345.778224822688,3.8758652689142306,123.94120816513527,101.50620614842282,39.38311428550145,7.431442964404197,195.57740361602208,122.79401763793584,0.0670000000000011
7f49a623-084e-4d6f-ba8d-066245df8cd2,10316.59498970339,2.219430253900974,22.399963593032354,62.282138642917324,17.2427945942138,4.431464653572995,54.53517398664036,78.11020359803733,0.0669999999999999
4aff5ba7-0ee4-4c57-84cb-16e5c9a2026b,7432.286279450015,3.0664322535313673,64.44210677207174,74.99685801134689,25.219080826261067,5.812314185053001,107.39854217633997,90.04778144566339,0.0670000000000004
95876682-d891-4f8c-b902-67b8682e96ca,7788.340153221917,2.8561300710863433,59.71914156525585,78.82541131074703,20.889514221403473,5.353742227564566,102.59061069029498,98.52173243552647,0.0669999999999997
263279fd-49c2-48a4-9b11-daaac0ef68b1,5895.5191364052225,2.832145201123674,58.64719262577165,90.52426585516922,19.18191682819817,5.353041219124739,96.97756124531018,125.34808232704438,0.0669999999999998
23652c18-a3ce-4963-b1fa-562453bea92b,5565.462740896441,1.5082082576196891,28.613556421971918,52.77386262055304,4.75846960310703,2.8606304446709996,68.10407047604669,58.95263182564618,0.0670000000000002
ba7decbb-a3e6-4f9a-85b0-8ed8c4caa501,7238.049153995652,1.226695350204216,17.79227485791441,42.551025908173564,4.34659191868269,2.3884357031760226,50.26446965494998,42.33282896739273,0.0670000000000004
f48eea87-e3b6-4451-bf6f-14335b65061b,7579.198643440512,2.9578961497983163,58.24794435610595,86.44155636424149,23.405753129175274,5.6942189328604025,100.208978025156,112.58242075409724,0.0670000000000002
71ee2300-f1d0-44ce-8e56-c919d7b773ca,8790.265596472289,2.4609909326104824,45.59367956247199,70.99006286555516,15.451160302193635,4.675776943391424,84.04421971980695,90.95337540843663,0.0669999999999997
02fe4056-4d61-4f86-863d-0e4614466ba3,7491.555131807692,2.7031914008167455,53.39162766880098,79.26169739138795,17.652937899968904,5.117403945669824,92.88760665580739,101.4274708872462,0.0670000000000003
51df82b4-70b5-45b0-adb3-a073f2c3e7c7,6033.146167843054,2.92399692028358,64.28508751388846,97.4606764087215,18.42463734625551,5.328423444785165,99.81242311859765,133.40935752539187,0.0669999999999999
bcd96b77-ec44-4cdc-8054-26bb619c57e1,5375.375942107457,2.1669143234345736,46.2357225750934,83.89936647069149,10.172836921803937,3.959774856505976,82.53783129817866,116.28771904665726,0.0669999999999998
ae0ba863-329e-47d1-a47a-972d535b7652,5931.596226306656,2.748271164779774,64.63470623171175,74.81371072872321,17.483765558679526,5.089347330408029,111.73451866202255,93.73220566304698,0.0669999999999997
31106ff1-efa7-4bb5-8531-97d19f04de65,6042.808847567403,2.267478869872635,56.37449206372365,70.52189157796651,8.918292498706688,4.158494766408584,101.32551268785384,85.58573471802583,0.0670000000000003
81a5bc84-7c43-4d11-9614-aa8754ae85b1,6767.963737796887,2.863098803696569,65.60856910503267,88.35255835567077,16.504259578824946,5.105292311053375,100.37578533489825,111.71573178953997,0.0669999999999995
ae807e2c-d76e-46b9-b941-d27d08544e62,6217.045095720712,3.094101070203325,74.04224092460467,87.79832368395188,20.32835441280203,5.639842298337409,118.88423826640408,113.53626014117464,0.0669999999999999
b90f5ff5-b2cb-4531-8f34-ac812e86d988,5182.667144870896,2.1826094275167462,52.27475823728063,81.43226770055847,8.040604563364163,3.9374551760584384,94.56576900675257,107.20017768404725,0.0670000000000002
948db47a-3142-403b-ab41-1b1a02f773cf,6496.852087270044,3.0838356808066525,76.02329728142401,79.98459183651096,21.467451345928684,5.675728754778275,123.02286688282231,98.15873394224928,0.0669999999999997
9ccf9715-cc19-4cc6-aab8-ae69991d8edb,6099.928324281593,3.039770913942412,70.91626805024164,96.55430164246982,17.72592592086475,5.294486928029874,109.05014510732238,127.04010777838477,0.0669999999999999
aaf1a57b-9740-4f35-b205-02c9bd6bb69b,3894.65601757226,3.2020854490725275,90.89232405040424,111.35531889898482,19.25110698266857,5.798979113160816,139.73480005517484,151.0451570340124,0.0669999999999999
9f89738d-a8a0-4a0c-b7a0-ce30327fa0df,5488.362783819288,3.2721502872727237,91.94013961335969,90.87194604797912,20.011113882612232,5.9328823731219575,147.7277185676478,108.55943610620459,0.0669999999999998
b2e7a90c-e309-4ae4-8118-997c66cb919e,5074.7891875309115,3.1671352032781743,98.01786834342343,82.5977317907082,21.375089305565403,6.1018541544157605,162.92014360673113,94.52767381478074,0.0669999999999998
bb96f6f8-498a-4994-9008-967db85e054f,4758.39702357059,2.7417671812985027,72.58981470901489,105.33622519069151,10.754445161084348,4.8650802613448585,119.44054120918244,139.92702335675537,0.0670000000000002
93f4669a-8f1d-4a84-8e70-2c44bf565055,4209.386525645112,3.6806988813016805,115.38904189221805,93.81187561560397,31.130535281677982,6.8927597685936615,186.6796755215906,106.35400885923121,0.0670000000000002
85965b86-1adb-42cb-8603-1dae57f5d73d,3384.324996635839,3.4660039266851084,110.23751590101924,108.86637402368655,26.476999230983594,6.566865529637074,179.37295648270256,145.83975901307156,0.0669999999999999
446c296c-d6bf-4073-8cf6-0f5087d16573,2872.6697369809563,1.9957960010149391,63.931131262994136,90.14698723574746,6.359146910401522,3.499013323396825,111.45983241207705,124.67660038658754,0.0670000000000002
5404be9c-1027-4f30-8f83-47da33be7f08,2687.8166197924265,2.6040541087124303,77.25482982625354,109.62422472783022,15.129455883146392,4.815453841404699,127.06518927899468,156.45371917341842,0.0670000000000002
89947369-b354-4f95-8fe1-ad0ea17d5cf1,3035.1912018832036,3.180470922979346,106.85385181174688,101.85214148583347,22.406969602603205,5.920242792771121,172.0211801932228,128.93647400085672,0.0669999999999999
f5d26b66-e47b-4ad4-8f84-222bcc577f25,3342.148058569517,3.527668734233891,113.81594089715428,106.61085657928729,28.299076178160387,6.5976097629547406,182.594947982489,128.27965364356106,0.0669999999999999
3e8f81a6-724c-431a-a914-838436a976d3,2458.4880157503394,2.1361487594435262,69.94358285891869,96.54024724945242,7.366005672162121,3.8023243824707103,118.30601289290163,140.04504985928705,0.0669999999999999
d30ea4d6-c47b-4538-8210-13fad38aa6ba,5242.290296049507,3.9598944120933517,117.95990046426024,100.62018891156882,49.323920026657866,7.942959306949525,190.3592123006468,122.37064216742732,0.0669999999999999
fe3b4167-144f-4bd2-ac65-fb6417e021be,8230.081306560316,2.3502807727097275,33.60168645630995,61.59648552926444,18.655211709637232,4.758234198069492,69.55820312810395,75.86002418594234,0.0670000000000002
ba16c40f-17de-4201-b87a-bf3b74ca72da,7228.186349076271,2.1332361630916754,26.144823354537987,58.96902504029987,14.733975324150181,4.1828640636162095,58.27601801862518,72.51707032397442,0.0670000000000002
68823c62-5812-4de4-adc3-05ba88f5e476,8850.319365121562,2.3493932575691447,32.93413426533942,59.43724358088243,18.5186188183134,4.662881660180375,69.44183270933614,71.2690857592377,0.0669999999999999
4c6be0ce-9e5f-4158-8ca5-0b6728f630ea,8403.491252866901,2.3741214565929107,33.296281325878915,65.54071272863673,17.8186030421633,4.649174288046121,69.79462654026445,85.64700650936675,0.0670000000000002
0bb3dcff-256d-4050-a3b9-cf0288787932,8073.804110637332,2.49590845796325,41.19677504137793,63.48345675690102,20.051947422341478,4.932826949545249,82.56050210562299,80.02445313673944,0.0669999999999997
546120a1-df4d-4949-853d-683442460ab8,4583.786354998039,2.57575523928862,50.7400104220516,63.17996031752199,21.116435775632127,5.120589342522591,98.3264608157145,79.47816356542073,0.0670000000000002
d92c5923-bed7-447b-9d5e-6d45400facfd,7118.245660615643,2.6384058140998037,53.949144979107615,63.76733300620536,20.87919551216249,5.13514025250315,100.51610266077348,78.09541901115011,0.0669999999999999
faa09ece-ac8d-4255-9d62-3d31ea13f800,8314.08780952784,2.509171366502118,48.367457828875445,67.55222431400394,18.219220371522034,4.941762447122168,91.02188005317461,87.92512873371558,0.0670000000000002
e0e52ef3-0e3f-4a9d-bf77-3f35e1b5826d,7814.887754395489,2.5087815249696273,50.042703210109906,78.27868461509004,15.079816437018167,4.7250068636566995,85.26085196568346,104.82387859009337,0.0669999999999997
ae374ba0-e9fd-43c1-9541-dffec0b9ee62,6413.9778251733605,2.3945453607751466,47.56764768586968,80.69648807191923,13.89976135098794,4.486492514376772,81.01800720057447,115.84555472836036,0.0669999999999999
74cd5d4f-3acb-45d3-83d3-4a3dc380d9e7,8139.797189802015,2.6072564937571028,47.82368384271635,70.23014856716802,18.46302415469598,5.005109696177942,89.05745527757362,89.87845403421497,0.0670000000000002
4afbf286-23c3-4a87-97f2-a438df4da97e,8105.4048457528415,2.528630892845631,49.82698007608733,62.429792883870334,18.639268142261873,4.9732026812231735,94.9314264932361,75.08797444626926,0.0669999999999997
c756192d-6b04-4073-8ab8-fa1ed21f360e,5843.647017547761,2.0312527646874488,36.77453949747626,69.53371267502872,9.177406559944176,3.7317033979477587,69.81190960090996,90.60250560893847,0.0670000000000002
9a5dc9f1-2283-485f-8021-ab5061bafff4,6143.861412603706,3.0254059096334336,67.83116688649274,74.52851788462611,27.356027805570026,6.021231743295505,122.53664083028995,94.58595139942076,0.0669999999999999
059ed639-f505-41a4-a4e6-343ddeea48cc,5780.009969972469,2.953108272956609,68.62550540448645,72.03368433620592,23.959938219921376,5.787341145447273,121.2889299734969,88.75455871565916,0.0670000000000002
e5241eea-cd1f-46da-ba58-a08498f9f286,6391.6796595106825,3.007555608329765,66.84416654250796,72.39067803670103,25.96226722735501,5.927216587645951,116.58279290009472,92.01934207472905,0.0669999999999997
2bea16cb-c390-4a93-b213-b1e32078f09c,6014.402776131349,2.8891793469345437,68.11236615395376,67.60140068824587,23.734566714159474,5.682792531410281,123.02820272753566,81.67700474102008,0.0669999999999999
7ab9617c-aa84-466e-b4d8-b1b821e38cb2,6030.227285683924,2.8302813118752317,67.4947490130585,77.75127062892781,18.189466072338,5.266104604276301,114.08042494137865,100.65740271978844,0.0669999999999999
0be6b701-ada4-4095-a7ef-251984472e23,5465.36543194331,3.0472085489926406,70.0034499544193,80.68260231792247,23.426856892081275,5.7839242766774,116.42230758556121,105.98803955597029,0.0669999999999999
77445e2b-f87e-41cc-9635-df71d2969c7b,6008.269895534538,2.843669876876612,68.13497557886424,67.44222144181282,22.05037483250027,5.527959559029754,122.09749008957867,79.85274894734414,0.0669999999999999
43918ed1-c374-4385-9764-101322c6d741,4720.80796894793,2.8931638434042606,73.9326712917762,86.60117765381887,22.123783692321975,5.672946773785648,131.9974087038981,115.63259786985054,0.0670000000000004
8c6f7351-f8d0-4d1a-9bcd-24989f90a0f4,5226.219535270016,3.0449811870296983,81.5035247785437,76.37503536161384,24.438794720426916,5.919188971637065,142.24324949847662,92.46523374227044,0.0669999999999999
d63490ea-61c4-43a8-abfd-0cfcd2f61e6e,5321.024207342617,2.9326693538897173,71.77273216324265,67.50662277725911,26.99363585080744,5.84328565730985,134.93108372371648,78.68521681538445,0.0669999999999995
642530c2-c67d-48e8-8f90-fe3f26542571,4590.240383631567,2.9719916423387565,67.18193107112404,72.71374775719754,28.497436668601463,5.9990752418397735,123.63838238312479,95.60632750678839,0.0669999999999999
c2d0f34b-570f-433d-a098-eca71fb963a4,5225.81051632906,3.0110252685652994,74.60679174124131,90.89911600524205,23.56124511952776,5.849348664889041,130.57244830361546,123.02863765027288,0.0670000000000002
17d4f07a-bcdb-421e-acaf-fb9106737094,4817.876731024827,3.003540506011081,76.02111493448015,84.4898824690219,22.18661417710235,5.583751920115395,128.05265977183683,109.98583193357538,0.0669999999999995
f24f9ed1-0863-405c-a7e6-92af07d14c69,2630.213185793587,2.870893509259539,76.04297787446188,78.2192496783646,23.185011860123204,5.560270334743202,137.55247438200402,101.69308619941107,0.0670000000000002
2d6d8104-a1de-498f-86ad-1818aa3d33eb,5010.0008929697615,3.002602816082591,68.79652694925939,86.3333731550417,25.89602100507832,5.873548269622533,122.4788657376536,122.26822423309346,0.0670000000000002
2c88307d-6ee9-44b0-99ce-4b4508e77056,3875.5070447737767,2.829650827103267,76.01599387228799,76.20778615462088,20.802181498291315,5.412691197715498,134.63103292932857,96.68682347522844,0.0670000000000002
ea3f0104-df52-4ba6-b299-a4633652a79a,4009.600535206135,2.742762705116748,73.08076279517206,85.32872690799942,17.243075689362403,5.138182552904048,130.5684301364819,113.12564112585657,0.0670000000000002
36d82e03-0870-4386-ae32-0b8a1eb736c3,2130.0671004008454,2.636768113146013,72.12282175466297,85.47248054893156,20.582544963573564,5.20568090922584,132.747822435628,121.85049303128054,0.0669999999999999
b11855c6-1ec9-46e0-8487-68fb8afad480,4232.108373639209,2.9515217982104107,76.87994453834705,88.39348410112233,21.970711469349382,5.705530492110389,136.71556217265135,118.44929272568373,0.0670000000000002
5f2b6aae-b3ed-46c1-af09-58c3865750b0,9373.33428839551,2.606992225156544,54.51124505478141,56.21141930273079,19.096541133966603,5.04379338801341,99.25017814504487,65.34202454101765,0.0670000000000002
1c48ca77-fdb9-4fe7-8051-5660327ca78d,8648.407478324112,2.6191092822792648,56.127391319717375,53.6239756104907,20.787703742566823,5.142464074284847,103.30995193070144,62.745759239024125,0.0669999999999999
5e5b23b3-051d-44a0-b3ca-867a899e2e82,8956.054791133263,2.6305336755198,54.82949498853225,55.589849687433954,19.515740591238718,5.111718952221302,100.19990514372167,64.88216682496089,0.0670000000000002
095ecddb-c538-4ef5-906b-47cd0e119d9e,8742.061825156547,2.6299173069826414,56.41201527800329,56.753787632342146,19.72777396839558,5.120110549431963,103.87791916914641,67.56169341827699,0.0669999999999997
02c39c55-543c-43ee-b8eb-bdc9adf8396c,8049.97856018821,2.64775443022602,58.271033992828464,57.29675467395701,19.464059090514617,5.142681170422259,106.67436721747647,67.99437180569502,0.0669999999999999
af139760-ef70-463c-8a33-98b86fb771e0,7264.968783906851,2.624784584748851,58.35054861108982,59.1422493556239,19.81849149546863,5.088295693656962,107.47218683366007,70.32079734488678,0.0669999999999999
eb5db723-9537-4885-9176-036692d9d41b,9050.874025807043,2.48498789650339,52.01346007853791,53.456233041625964,16.872038858079502,4.772909782283632,96.43873101959113,60.4061384969333,0.0670000000000002
4257970d-18ec-48bc-8dc1-398c77ac481b,6046.598232540183,2.5277756112818874,59.21335693134997,77.00680113039164,12.972346367661876,4.600120029719419,104.06757436886498,95.29659183730985,0.0670000000000002
0c52f92e-c904-4c4d-aa33-f28818a016ba,5567.348674974313,2.9404786310453996,76.32069600066782,85.21459590241014,19.3635033797255,5.698754372609281,127.97701478529153,111.54623577691105,0.0670000000000003
d9a6ee7e-28bb-42e9-9d20-a100f691a511,5815.242653352454,2.9497675481360193,76.2758147495134,77.27074556986796,19.97582491705161,5.491160492436886,128.78539133160618,95.3354765864753,0.0670000000000002
e9c9b116-fdf4-42b0-8f80-0801006634d9,5240.684795253479,2.898388681707775,73.93473190169337,91.61378785727017,18.78853272131724,5.5691924301444775,122.31909381637034,124.65205090844474,0.0670000000000002
aa2f39f8-b995-426a-8598-2fc405bb43f0,5624.10805795657,2.900401636580872,71.88253481122086,92.34702708154855,18.172105451623988,5.47143308128493,121.84872439594194,123.51416410963704,0.0670000000000002
e968e0b5-cedc-4047-8d2b-1eaa1aa8018e,6338.612563987557,2.9110339251299853,73.53240457386292,80.4373187598283,18.04711745196387,5.189796694432041,122.2864340323287,98.37899293100898,0.0669999999999998
defdbe29-ad35-42a9-8d60-d05b3588a5c0,5824.266278753433,2.931154833740563,71.4218706904596,94.1056746033807,18.650344338255692,5.6233571421802395,119.83510970240624,127.18954596728753,0.0670000000000002
9c8ff667-f7e6-4d81-9195-b58b000a6ba5,6095.056916134763,2.7862988252988874,65.82658307988793,78.48237442690721,17.546207699620023,5.10914186596776,112.160764909896,97.53050306875078,0.0670000000000002
3a99ca44-e5b7-4cd1-9c46-1af5bde3b4be,6081.238229298855,2.8630309203850293,68.28716592025232,87.54590554238119,19.444987262295268,5.486254232225339,118.07482830268287,116.91947876318343,0.0670000000000004
1a9fe392-de5c-4fcd-a461-e084c8fcf53c,3159.626867358569,3.2672577820359283,112.28629153762711,93.78756927758421,22.552681766246327,5.998891343219847,184.64193704024953,115.64600533217339,0.0669999999999995
fab51c81-34a1-45bd-93fc-1563b785950c,5086.266757865518,3.2175575008716115,105.9453898513368,79.2286663699872,20.406881217833874,5.790160888715057,166.89966147111238,86.82419627069808,0.0670000000000004
d74de943-6286-41d1-b9a4-c947524fbc42,3528.6440655781503,3.3623611254925465,114.48781066103862,88.25880230856103,25.396868318942907,6.230823317321369,181.6403625890913,104.94834725783917,0.0669999999999997
ef7421b7-a9f0-46e8-ab4b-2ff58f5ff80d,3590.8042693439606,3.280148369860245,106.95038490092915,82.11129266128525,26.695354106799872,6.2827194516532945,175.87748946541694,102.95437093118966,0.0670000000000002
ca711898-25f6-43bc-8e13-f0cc941a6421,3656.245019761948,2.9574341888460243,105.15525331154723,89.31222206241792,16.625020030784462,5.467810333833393,172.13846480621814,110.70699786035249,0.0670000000000002
73ae8801-ec94-43fe-be3a-74ac6857dc88,3398.3700052394647,3.4769386067006756,117.2951867448942,82.90391087026016,36.98245217451021,7.055693864982855,202.19886027916692,101.56858050139894,0.0669999999999995
01d4c168-c43c-4064-951b-205ae8318275,2833.28806591492,3.1855100584184393,115.82051085231805,91.70726251329435,22.93294339565006,5.97626595528265,190.17268417504,106.8548225882594,0.0670000000000002
a6c03632-c3b2-4a9f-bf46-02a759b68c5c,2640.6141028795823,3.1562703530558496,112.11588860191087,89.21321817757976,29.007581558221524,6.2498531225048835,196.80708101403062,106.40728511396992,0.0669999999999999
c9db22b2-8717-42f9-8003-8dbc622133f4,3171.3141988770853,3.2793891006064393,111.68008313388509,87.76256933430109,28.90973290623271,6.371121780462321,192.9048412496848,102.28382719108244,0.0670000000000006
35d467b0-2ff3-4436-8fc5-24855cb78923,3121.342768328029,3.393303968066989,117.19999797719566,91.91499192239651,30.782995062818223,6.582161099461065,196.21631616120894,109.670328058429,0.0670000000000002
8d329a02-f014-4e64-805b-bf2cb3f0666c,1878.2291063521286,2.97193744361616,101.40293199160102,91.27057846595007,27.55215659872633,5.896239256649941,179.29158304855545,120.60077832517025,0.0669999999999999
7c0af9ef-6354-455b-adf7-8ca09ceb8054,2597.688085540253,3.0679818631927693,102.8690005225888,107.20691611252091,22.37335165777552,5.906030143489148,177.34822890153052,143.03723367198364,0.0669999999999997
e8889e10-017e-4dcf-bca9-03bca5c34b3b,2223.408148690503,3.307431994360832,106.8932832104451,97.65522492040647,34.18518892449765,6.602483384536863,186.1130600787464,123.34152936667516,0.0670000000000002
631f907e-9d44-4f50-82d1-eb73cb6c785c,10232.308656496143,2.635428718576906,31.630353858101884,67.16535383471835,27.019383231427984,5.401088295486587,68.78446100220926,88.9207532057772,0.0669999999999988
f570b1a4-8eef-43ee-8537-f2d47d5107b1,10135.400999147596,2.8510046004087606,47.83656739668323,75.85498333222522,29.045741811972285,5.827117628988423,84.70921031743407,104.44506389658129,0.0669999999999997
57321322-913a-4d06-bb90-4d07a6501146,10038.806541281141,2.701891421796827,37.34085871200165,68.78601287301012,26.315511895821754,5.513269829573613,76.0096948420454,87.90314624974017,0.0670000000000002
80cc07a7-a03c-4bd9-bc13-4ac9e8f5dfd9,10146.892606057008,2.6878331870620777,46.77229658598501,65.17824880269356,27.054348235517143,5.4389297283487466,86.5095596085603,94.61488597331173,0.0670000000000006
c4eecf2e-6fe4-4f76-8407-fc9308bc4012,10610.768765111958,2.503705809492063,33.10992166033814,66.09676747478868,23.09210266913381,5.0908172080120275,71.46728226133166,84.87900898434314,0.0669999999999993
d39ad0eb-5271-4e1c-ab6f-8be1af7fe306,10025.484911309832,2.632779204188541,36.131367015753625,62.58491363864352,27.134096994693486,5.400920432866029,75.70775998059997,77.07661511119306,0.0669999999999995
609a788f-e091-44e1-bb86-0541fc465cf6,9208.413226958275,2.5703897329879606,40.15240057322211,71.17700074685257,21.26452654139368,5.13356269469939,78.26560711886341,94.68081297241596,0.0669999999999999
dd21cfa8-0ba1-4d1d-a4a1-60593b5d681d,6184.426769560653,3.272479175178819,84.2366190493635,89.06786474791446,25.996340126932587,6.125362128981002,133.53045444224657,118.5147373632979,0.0669999999999999
82f13559-4687-4e96-ba5a-fea4c6225d3d,6731.392258925471,3.3919530961978666,85.4927545247098,84.11022253785595,34.826199276813476,6.606930631826962,136.40860488823844,117.20019796961128,0.0669999999999999
61e0bdf5-bd35-4803-90ef-f713cbc72ed2,8214.507015816533,3.2207028129891744,70.3078116112209,81.95064346297038,33.8250789930276,6.532352210861831,124.39914118425257,106.13489725071477,0.0670000000000002
a015b805-47cf-4e9b-956a-e3bb9c2e9d10,6345.158151316703,3.2398537712501563,83.87573110342564,80.880098125384,27.07838940600464,6.098847010101525,136.64632870694166,96.24340628231137,0.0669999999999999
ebfec1d1-8692-4df7-b698-c852e5913e4d,6637.938021393828,3.2046017686079797,75.15838247093816,88.95926239897275,23.85737622326401,6.004756276371414,122.34536687715578,114.24083457335874,0.0670000000000002
91009fba-c761-4d5b-9d48-f5d363a94ba8,8552.710438221025,3.283232870566087,73.54119350215139,88.93580533782098,33.881484353398484,6.55329036642497,124.31250113144993,115.54958692700033,0.0669999999999997
ea9b782b-4ad2-42af-9796-38e623172e13,4988.767660806807,2.746939155314346,71.26431308969835,70.85705027695357,22.887224676960297,5.387887488261589,132.44925349186414,78.56353426588667,0.0670000000000002
61293000-f30f-4a6d-9bfd-8c950f1bfdb2,3256.6380992214345,2.5217742622089503,73.88511912195163,81.66607745964728,17.786367607327847,4.909252833983226,139.7586934453294,94.29189073694326,0.0670000000000002
2188f465-1338-436c-8e54-6f806410a82a,4843.372384669886,3.8290174290586476,105.7970373685919,117.05579330659258,38.361509943354015,7.415445026866752,163.96723073566363,159.59941530161223,0.0670000000000002
36285ab2-b292-4faf-ab6c-8838df270db0,5130.499075170188,3.695169502046644,109.50470752246893,100.40516698584271,38.81795703171255,7.237580925693705,179.8235269640431,130.50158753331647,0.0669999999999997
8b9bb5d9-8b0a-4a78-aca1-966eaf6ecf3e,3636.28911938896,3.9148482800845468,127.86282012862199,103.32344190488126,42.91780557538746,7.654897701540568,208.32272153303083,128.90535259777016,0.0669999999999997
509e3df1-ef04-4e30-bb83-e090cce0cc55,8578.065194670791,2.1205169459365494,26.057913212909753,63.23090934249156,15.0600691675256,4.147141948321565,60.829081052239275,82.64160883532068,0.0670000000000002
f3748217-b8d2-4813-8603-6a7628d65486,10016.085521363597,2.1514631665086865,24.95732407248044,57.55704506249119,16.15995976044145,4.33033719113794,59.26763694072142,70.15846900692183,0.0669999999999997
930a71d5-c655-44ff-b288-e0c53999aaa9,8980.130477783456,2.141533614735553,26.71439622872522,60.57738039972977,16.31546558953268,4.289193217610353,62.54106620695425,75.65542144388408,0.0669999999999999
8f01b757-8853-4a3e-8d0c-2e0438afaa08,8959.0977783159,2.04710417129908,21.793609773017945,62.706945467117954,14.534939323626014,4.055071531695648,54.72046299947021,82.18120417976844,0.0669999999999999
74701d69-e542-489b-8ddd-c21abed7f4e8,5993.921243295294,1.601416414519588,16.792689627371857,60.835578540849625,8.299849972646511,3.0594291124685102,45.98990200513649,75.83319763104396,0.0670000000000002
a27e2e3a-c2c8-444f-b053-8708242a80c0,2133.930242661218,1.3958852412565288,10.852203129728958,59.67098449556371,7.81739603852353,2.8030346392706877,39.148512985932115,80.56039648735707,0.0670000000000002
efa1ee87-2156-4927-acef-fa67519b6abb,7636.638158778865,2.0882198819387923,32.8819469467111,63.36899052216139,13.0099874997885,4.115668268647504,71.75417085785772,80.37273555059011,0.0669999999999999
42acd005-a6ea-484a-b5f2-735a1c8becc8,7959.0658670127905,2.1200567766124006,31.282050275387313,66.70389596681333,13.211162717608905,4.190622274564349,67.63674118681789,87.55713840043921,0.0669999999999997
cc23ff06-66a3-4572-a9cd-0232b6f7bb29,6035.469987225437,1.9903625415819395,34.79329006637696,66.17010040011048,11.2047268103322,3.809067127533461,69.00380312181484,92.63893652683291,0.0669999999999997
6afa65fd-2c72-4e64-810d-a9b3cc7b3ecd,5588.591695332112,1.3576483300840803,18.66129164209507,52.84042360723967,5.05285607827652,2.5479625694539747,48.18650092231416,67.35013930958173,0.0670000000000001
9e011b36-9a79-48f3-a12f-fa10e0f08feb,9025.094648820806,2.2643430611894613,31.916615423181558,59.33867057286469,16.821718916972124,4.4762447616160825,69.34499401523236,71.11126978117662,0.0670000000000002
da0318ed-4557-481e-9b98-7b5b67070a1b,5119.670519857323,1.9524477975627594,24.27446259294997,72.1466049234937,11.5611452633721,3.8580457754026907,56.88393418372377,100.56282084445809,0.0669999999999999
52974ade-186d-4276-b795-c2747ae4ebcd,7300.09839288246,2.1070625905571596,28.748406343588666,68.79896197723198,13.514677250817886,4.179325826406482,65.0715711526035,93.3030106321251,0.0669999999999999
9419f134-2816-4222-838c-5289ccd5b8e3,6194.091760450222,2.2245571528442416,39.30623920658512,72.70278915527406,13.237607262665701,4.282650757548579,77.84855739666588,97.87223989393746,0.0669999999999997
56e20167-89e0-4b59-bcb4-d4d2d1239d65,5779.717581965451,2.252301294371288,41.91625872829115,76.19379142188006,13.3161397386169,4.306062792298847,82.69336574477686,106.03154818169384,0.0670000000000002
ce5dd792-51be-4b6c-ac1e-0ee7daff46a1,6288.468723554772,1.8021463370492035,30.91870724315035,68.97580426165908,6.100851344295981,3.208377525000879,65.87694759360944,88.53410521950998,0.0669999999999997
2371d515-950d-4e1f-9460-c86889d497fa,5679.318698957539,2.29564688496965,41.7786679107894,69.53321164478317,14.331807044983316,4.439035175644095,83.04477991686167,93.63009610580578,0.0669999999999999
a84409ef-cf06-47c2-b338-bc38ca89e0d3,6583.743479643808,2.2032999169906393,37.57645316872299,75.95343072468418,13.12310744880547,4.24182681333051,78.6741683141864,102.65301648445228,0.0669999999999999
a78e07a3-3566-4c4c-9133-ba2341405ef3,6838.760805867928,2.0259396077339265,33.43911134537953,72.57713678471366,9.143452455454065,3.754848730160554,68.97851611458411,94.23102649839433,0.0669999999999998
28e0d86d-387e-4179-9550-a0bc2921fd80,5487.128310944143,2.31775440801556,41.25414590823725,70.8230664203032,16.183970722108246,4.58267581534897,85.00613252005752,96.68787798639666,0.0669999999999997
5f26628c-7dc5-4f4a-935d-871554d19b40,4742.365581315518,2.0729987129511995,34.52604278305031,79.59426487183994,12.120752647248706,4.02797836665099,70.4230923389704,113.10141454537407,0.0669999999999997
6c77835f-ece7-4861-ac2f-f27150bc103c,5793.361814611279,2.248243110303187,41.501428693693796,69.32335207124119,13.592236011374153,4.344053057069663,83.7948332346928,92.58590940328425,0.0670000000000002
615894de-64f5-4499-bfe7-d81e3316cd28,5898.955846847745,2.093974607689581,38.032578737550146,69.20835153576323,10.744330444016228,3.9076881441860247,78.08834499596308,90.03869996134699,0.0669999999999997
ba83ca91-ab02-4709-8ecb-a7771dd7bf7a,10582.846148535742,2.166235728096053,18.86546898918888,63.81352858216652,17.00592510836724,4.391322596201007,49.31471601378165,85.42504160797206,0.0669999999999993
3c687e64-5d35-4ce4-bbac-5f0222905918,11313.155345040834,2.1093337635091216,17.174530288551033,62.89726648088045,16.64965363404088,4.251107272644311,46.48934280295259,81.85868537226264,0.0670000000000002
846aa867-2d7d-438b-bb7e-87c955b24098,10203.40392029552,2.311517011127266,29.96768530616618,68.60587626433477,18.88941303875407,4.68673220255861,67.61303530380185,90.53807432851403,0.0670000000000002
57009839-fae7-4d31-a8b8-a6ff64ddfe11,10916.069717445664,2.364348626772998,26.37072001275615,71.86660864492315,19.872529515266073,4.757229773060882,60.347003015955245,97.08416433060572,0.0669999999999997
2cb47791-e50e-43b6-befc-8d5173a1d540,10241.165728245365,2.627865718894542,38.89078733998578,76.53356696781596,22.884597030577968,5.2928506609546,78.59685817831347,104.13059277837367,0.0669999999999999
58466fb3-0ef8-4cf7-b450-0df721e0aa49,10411.739996823091,2.6417922590272798,38.82471593211812,73.97960159868212,24.209457615342483,5.374079389053828,80.15988871021409,98.12737254474384,0.0669999999999999
4587d9f5-15f8-49d8-b9fe-9fb78f958bf9,10158.009517132534,2.5728499482525335,36.118370965009696,73.9839318908771,22.876183156363176,5.195572383898716,74.71392193816882,97.96514751144508,0.0669999999999999
b96c0701-ef70-48bd-94e1-7e2c51692587,10435.455973184653,2.7117801861718562,39.840764793338025,72.2700896692497,25.849951213439134,5.522189771275017,80.74344633027509,94.69246893938062,0.0669999999999997
982fb60d-39af-49b2-b181-8148474af643,10473.422125904479,2.6828394242728955,40.44130962833179,78.1992809779904,25.61256115412461,5.456669999053206,82.60307355032006,106.31387378312488,0.0670000000000002
931fbde9-9026-4eff-82e8-4851925ea34e,10474.436419998428,2.6980096814534513,39.20465239254054,76.90141082399347,25.53480187467809,5.448531547554826,79.2298916661695,103.16767486324656,0.0670000000000004
b756e31c-aff7-453c-8881-ec4801370863,10672.524889806497,2.627749708970736,36.85672193445572,76.50274247425448,24.204295238998064,5.329040858199417,76.51688397423497,103.4654861084687,0.0670000000000002
b63f1335-7ef1-4475-a7b4-d66c2955da5a,9423.839525295989,2.697068696923655,39.09077588060879,77.7142698156761,25.551381105735327,5.466731381776533,80.08316540006604,105.52803885466325,0.0670000000000002
072c6ecc-5788-4c40-b48a-1a842adbefad,10021.508439904705,2.6146772577135406,40.71253866389244,74.87687926505265,22.167265904557052,5.237321673964177,81.37083289963985,99.50802564977394,0.0669999999999999
0d41037b-602e-4fd0-9e46-821bdafd67a6,8798.806145130897,3.0494375779732716,59.63730648256971,89.31896800390976,27.638257927854532,6.004674331309802,106.87388228916261,118.6471969343471,0.0670000000000002
392deee3-c490-4bd6-9995-7361c509382b,8620.238834434307,3.074956866892414,60.34501255717843,86.7781107220069,27.984945250766035,6.090068258259262,108.3919835195143,114.9369311924493,0.0670000000000002
1a1910c4-b0d5-49c2-b32c-214f18a3728f,8956.716050878176,2.971579460049467,57.36432048388345,89.45343176139288,25.741051537398942,5.90190178535993,103.44880599353299,122.00268018937896,0.0670000000000002
900b0fef-8fb7-4eb2-b187-c40491d600ff,8648.678943344306,3.09210128625655,63.562314592474344,90.9358827283306,28.056422185583006,6.024118852412986,110.14892217440055,121.90814830503764,0.0669999999999995
f369672f-5677-4e37-bc06-5efcc4f3723f,8559.094175738079,3.181643760354947,63.5400062211759,85.00477183278868,32.311614737241314,6.362831986210562,111.23733993665176,114.98267507870288,0.0670000000000004
51ea6d35-2586-414a-b0bc-0c975101d9bb,8397.690299673166,3.1222992476170854,61.45253126003257,96.88979595000295,27.760649306917237,6.078630380250433,109.68050648444866,125.64572915804841,0.0669999999999999
39c3ef48-0d03-4581-9e9a-8e490b404a63,7752.519440174324,3.0418182706734784,65.20602448369172,89.68186529082567,25.383006555945204,5.886850200887318,112.19796453858118,117.4432807844685,0.0669999999999999
596a5ce4-a65c-4e74-a3d1-4362bf16d4e7,7658.612179232933,3.0929971176869087,63.079787026292905,90.54946216418104,28.38470279595218,6.106704060754696,111.50577595636544,122.44678803559076,0.0670000000000002
a474b988-0df0-4de8-bdf5-9d617a73f66b,9168.666539095604,3.0998369772975902,60.780829969674784,85.91640091152358,33.07894675071387,6.218286468216449,109.47143782139872,114.16362501799247,0.0669999999999988
0d741a99-1000-4a69-b8b2-354eca5d0b10,6290.242374173583,3.1460027616375434,71.46904347710239,97.50229524398422,24.406076442977724,5.978377745172746,115.7117418666769,132.17190570207617,0.0670000000000006
1ccdee45-c53f-424a-870b-c2a65bec6dcb,6308.051507016865,2.9850479906695737,71.00672158533132,93.59494701053636,20.86377175193947,5.585957848352617,122.07143887450961,127.77688800462276,0.0669999999999997
5975039c-e41d-46dd-a2f7-c7d10c000fa7,5429.489509214171,3.135980610996424,75.5020558194583,91.62645975612847,25.551410908694308,5.9586338278493765,120.42423323483116,126.76403252636489,0.0670000000000002
56a80258-dbaa-4c20-90a1-417753a4eeca,6746.659276413206,3.2788408132531,76.61475495039599,101.89987573687124,24.462915393624712,6.118971346882153,128.43644177801502,133.6195791952454,0.0669999999999997
9e4fd99e-59fc-479d-a2c2-9e1bf17835de,7745.138374438643,3.109703110422135,67.35837395935938,97.42027156073408,26.484901714795992,6.067734818647048,113.6148379459281,134.43499294409625,0.0669999999999997
3042dea3-33ed-4c82-a90f-ef831805235c,6939.209340858444,3.258678382375168,75.6506107721918,93.71288318834334,27.720593056444773,6.267368039883087,126.25572402369248,123.85848190068275,0.0670000000000004
8e61b37a-77a4-44ba-b63d-e1a64e07700b,6138.648400301671,3.207803702712699,79.1691425170969,93.63434087158714,25.938774785706745,6.321720207318358,132.02747589457974,123.90999167958981,0.0670000000000004
dd76aa75-40d0-4a57-9755-d2ff8e380d88,7284.170979652672,3.1855394535484622,71.83799675006665,94.7377660277848,28.453375799421988,6.2401959999899885,123.47274394326823,126.23408321162474,0.0670000000000004
8266c0de-77ce-4a9e-be8a-021fde5e26de,5357.577379608932,2.996616153832199,75.30734220629242,96.24050297283289,18.73102759664072,5.548198464198677,125.82276474797918,123.1918259207775,0.0670000000000004
3297a58e-3ab8-4e3a-8ec4-454e598aae6c,4438.063372922688,3.7464976551342706,108.19071613038226,119.9742161785221,29.58909065868058,6.82257954852353,160.4023187915022,158.22607589742992,0.0669999999999999
63f731f7-03bd-4859-a2fd-915e6a43411b,5229.433692714293,3.7469091199361513,104.93865197709654,123.20767483154407,35.029666840835795,7.108453206875306,161.962103524886,169.04257458407804,0.0669999999999997
f88c5300-4dbe-4ada-8642-8e45ea1970e7,4314.043609772727,3.4278993779689437,97.38093535886544,119.86139977801187,26.23374018760599,6.424652439137411,153.84426281644696,169.91632798656374,0.0670000000000004
16a8a7bc-0241-4aeb-ab70-ebc097db6d39,3749.269044224057,3.626153416468837,115.97987399273367,115.78713132270151,25.95063124876747,6.627844535062258,174.01523739479904,151.1649022159508,0.0669999999999999
d72ed3b2-96dc-437d-aeca-55afe33ab099,3015.5156237555443,3.459211585765782,111.78648882806613,116.3230820866349,25.23840448149124,6.4085225933002485,174.82381158268774,156.8646734224717,0.0670000000000001
d62b3ef0-9834-4b7f-8d69-8584461432f7,3536.9190849135903,3.1351992266791964,94.0292286138286,105.27969168591952,20.34144596358719,5.739056485994125,143.5666518639996,147.3278310276644,0.0670000000000001
61454d26-5fef-4051-bec8-660fc18b1577,3217.2310060297527,3.5104139162924697,108.69821262834019,127.34053399285395,24.77346072852007,6.481701955240023,175.85231977581387,168.29791458000767,0.0669999999999999
10c8d988-14e1-4079-96a9-6ba39c2c9540,3442.9965348095493,3.6928883891563107,119.92944323044489,112.8991324490215,29.478757449900744,6.842880458719056,186.79463643953034,144.6086967623924,0.0670000000000002
f80cb97d-4e02-4a73-9696-e21ac0e6dc8b,3801.4892077814106,3.080393996890018,90.06120651009094,121.6383549054359,19.133658712605534,5.6696315876899535,141.69825189519253,174.23205618373368,0.0669999999999997
fade5de2-e4ce-473b-82ef-1d73fc82cbdd,8811.056045156334,2.2754420057081326,32.25241693714232,55.11331055540559,20.901301117003,4.53355929941976,68.33731614202637,70.70640884235408,4.125
7dbd0dc9-fc0c-46f0-9bb5-3fdf1313fb91,9564.467715676425,2.666276049118602,41.36863100370163,59.93739686477725,27.130023905267556,5.2733168987119745,80.12470958097116,76.58936513099245,4.125
1d90733d-6801-44d5-9529-db295dd562e4,9625.027344340346,2.8972346746126654,48.36798913451786,71.77162938004177,34.31341511365702,5.885288750320522,91.07140350042216,98.84054319379173,4.125
7b84f284-39a5-4594-bce3-d2b812bf19fc,9902.844410942685,2.8941929219085245,45.647909345080336,68.67614337542014,33.99222399155955,5.868931230211329,85.34506327677924,92.24417189282192,4.125
7a51955d-d58e-4698-8a0b-d47097a5888f,9059.283993090929,2.403744024841251,35.89421208573963,60.27699907230205,22.8751530792262,4.724513056111883,73.85868500977278,78.6350501430518,4.125
a60a1947-dd7d-4f68-a9db-f32f1241dd02,8257.1543055869,2.613647293608112,45.40303115235981,62.061820419554934,25.301218921171653,5.145655418231257,86.27844655851185,79.13509613013541,4.125
6078548f-a169-4a41-b05e-0af558a807de,3830.7699544564025,3.1898192344399456,87.63698908231127,89.87955254597514,27.75156554080665,5.947658712738234,141.28366724258083,122.87175857944128,4.125
3a83209c-7f14-4ec2-9d52-c826c47f9fa1,5785.864229992638,3.4337938449350567,88.03307326977253,97.79674173275473,31.846259865151822,6.42267815153073,136.62190183886452,131.54096586816934,4.125
9b710395-2f04-45dc-b0ab-94e4e0b27522,5379.466301944965,3.243719034826442,90.63813233250553,78.93849233530942,25.408720013916444,5.982151449433395,142.0694383809349,93.575149499649,4.125
aa937a97-49b5-4b95-8abd-784dee1699af,4225.137688461227,3.5382676255311334,119.28663545029194,92.72441294111913,28.638357531587662,6.351305814958493,178.58501187403408,122.36145627903505,4.125
680d1f5a-f99e-4b36-b545-82a13e106f11,5720.842759177723,3.656082283537159,114.49582599710754,87.05189304531058,35.149742262764214,6.837394388269336,175.3536915537529,96.41303110250422,4.125
6b2586de-63ee-4c87-99a7-fb83e5104b28,5196.421465075541,3.6724093331485435,115.2458825295076,97.45169176791177,33.971453755843044,6.814492635516009,175.47584807844183,119.38336662619831,4.125
807b6aa5-a7f1-4368-9cb1-c53699650f97,4843.987624613078,3.800488309249328,112.74119126749983,105.84794456492148,40.57393027997188,7.227472274590122,174.86027410583802,140.0726423847613,4.125
c5bb9717-6414-43dc-ab15-bebdeb8b3c80,4901.753076910012,3.8070815459674674,117.76054681501068,95.79660889334909,37.85903636185975,7.112122835408089,178.78219054627925,117.01199475972157,4.125
cd29903f-6706-40eb-b12e-4f2b3ba7f6ff,4653.429379937202,3.6721853711390677,112.17550760772939,100.83165391259125,36.50644220172596,6.981916216330427,169.75072537151624,142.2770749118963,4.125
b7a7f1a4-aaba-4817-a760-48caedc7d56b,4761.120576654864,3.6196594480410083,112.89056976799687,107.31788610682987,31.967623126343973,6.663432380556605,169.70391853115547,138.57824106847804,4.125
39b802b7-e477-43dd-9f93-b2552578ef58,4587.83833774191,3.543154782419343,111.19066400519665,90.67668541933705,34.67692318307271,6.706504005697988,177.7725944877043,112.75073998697263,4.125
64d3d8eb-e603-49b4-a5a9-e3996a69dfe1,4936.082211168349,3.970247623966706,118.71055597166715,113.40847061850077,38.40611483335997,7.26879073003148,174.55948775270122,138.5697775833327,4.125
0ca3f1a7-5d11-46cb-a691-b2730333385e,4689.6290936356445,3.6712010291825194,116.60775559535885,100.26154669829911,30.80875724973514,6.531962791057339,175.74439664457486,124.98796971927219,4.125
4fff98f5-f6d1-47d7-9abc-55fb361dad8e,3669.4834055944484,3.758407472523859,131.97197028967395,100.3531650839387,39.23995437247094,7.081098566985736,206.22794683133247,137.86240183779503,4.125
a8581d22-ac0c-4c86-b6df-c8b461d63898,4144.61459916642,3.8024720942716073,127.02276553120014,108.95007521104066,35.952226313233936,6.966547245927015,196.11837325173795,137.58541875862025,4.125
94e3ed32-2e8e-4b8c-aeb5-0091d18f55b9,4608.733657143927,4.113953174245891,132.24715050300858,106.91924452058635,46.337028505433864,7.884485079992526,202.3297228859658,129.60999020573448,4.125
af256994-3c1b-4370-8675-53bb506c6bb0,3644.8844152788383,3.826459079608206,119.09303496188838,128.04280689054,38.084130943806755,7.1122764426142195,180.10756477111744,178.68885711026277,4.125
9d0a5f17-2db5-4831-91f8-ccd900e01eff,4664.914797763768,4.136717022838949,134.02022411645126,90.55658151688046,48.34249652798865,7.94731183464295,205.9669605574083,106.3686280404795,4.125
e8d19c5d-392e-435b-abb3-f99535fa6bc4,4643.991973775976,4.216867250749961,129.9626468503487,101.57379730124511,52.51185962393757,8.17241951728034,200.68698077200372,126.95537065906555,4.125
1d42d407-cc60-45b8-83e7-485b7deebe53,3487.796844126439,3.916316700851105,130.0250352572259,111.51541234044463,42.11689893923896,7.446345617399866,199.89832722567073,152.00042710513955,4.125
48e00cda-b004-4b3f-a8a5-dd066dbdf245,4768.572564635011,4.151495189901886,130.43512928352004,102.79367965630962,46.1221636748213,7.932700962449908,195.13795988622593,126.1561859339107,4.125
3116f18a-c042-4e5a-93a9-ae42bec025aa,9909.149457931953,2.199893173076693,27.207880311076682,46.01052661931989,24.1510539007289,4.558814899712276,62.47954901136029,62.307808792174555,4.125
0ed7f60e-3a8a-40b2-b6f5-d013913375c0,10218.94841675675,2.5617068668147636,35.261463505265496,47.65208240509908,30.3955255020312,5.260115898205389,72.80509399889723,63.41535993879101,4.125
f86ce1a2-98e0-47d5-940e-33d8d1db8c2e,9156.65507803421,1.9834659070836616,28.021608560445788,37.49101515598862,17.9557013991555,4.033651724135445,65.73908564133158,43.444221453831965,4.125
a5027456-4585-4760-bfc1-007c1058e2e3,9955.862545512526,2.334037447796132,30.719134333246014,44.49908159729827,25.62317287554337,4.774826935206436,67.48081991638719,56.558350631927965,4.125
da503378-8adc-4f26-9c4b-5261dff587d2,9569.649942714614,2.324648350938874,31.062556379891188,49.400404398304474,24.702355099863986,4.732911045955775,67.44119466540518,67.06508606589955,4.125
fffa56b9-f854-48f0-9949-318c7bffe27f,10319.851129476892,2.4865088902743304,40.26116681121764,42.15977571865433,27.63112520811861,5.119244923081483,82.96353278997816,52.47582554831034,4.125
71aa0826-6635-4f90-88ab-8e3bd8aab795,9153.756753510115,2.6456739758722505,42.60857838582222,55.04798366525171,29.752593737357884,5.358496008040042,80.91895701582838,74.77806876742456,4.125
1ac8eb89-ca97-4d3b-bc32-30b1af1400f4,8450.01919967216,2.632073857248813,47.085642061387446,54.23706416188196,26.385748420423912,5.170535506794089,87.40146495112518,71.60263441334327,4.125
3ee5e30b-44ab-4b3a-a96f-d35585ec7b40,9262.318316175855,2.0011969631780864,25.485445951035693,43.57130393681341,17.97629172072877,4.052047846556667,60.1550569880755,54.674903821680985,4.125
270e5d94-4c6c-464f-953b-76c068793478,9459.918195654309,1.98185601244996,26.370724324463332,44.62739760367649,18.162029525594107,4.04040076312204,62.4462062719992,58.39438779662588,4.125
6b70a892-6770-4486-b162-e59c6f59ae6d,9888.0699594184,2.7929583502337696,41.75575647238742,53.021158986917484,34.69435936506417,5.7286956233233015,79.90632244247213,70.54692425185567,4.125
9161ccf8-430a-49d6-abb2-293c4c3fbe80,9417.94609884021,2.8679306525836314,53.60135083617078,62.437164070127366,32.29508628127026,5.773666486345513,99.41859627011956,84.54417452267079,4.125
90c61e41-5688-49bb-9ca2-b73fbeb3288a,8830.625168139597,2.8933067295866612,60.05548768575693,60.371031864569105,31.601898937431503,5.853174613495191,108.65619747002312,83.450312238554,4.125
3ea51f69-2eb9-4c2e-a1d9-4d816aa97b08,8759.064789189752,2.627030392644592,55.87004810299372,55.3492037993217,23.647996670166258,5.160588599807069,99.84010857339157,73.72987568901931,4.125
99c79f28-5771-4e5b-91f4-aa87bf51e2b0,9190.144689202594,2.872257268122607,53.673892407763134,63.79098709752448,31.861927873967936,5.832263489905275,99.43858145361214,87.54578450892866,4.125
f9733a91-1cef-4b0f-90dc-ddacfd3f9207,9470.923518228316,2.960817540500889,55.6373798497458,65.35450454782841,34.38360914953173,6.051153443879101,100.52459936325195,90.67297838852149,4.125
210c0180-08cb-43d0-b5b4-1b1117611dd6,4770.98107828843,3.5078006501932912,105.06838970319745,93.50175375333404,31.32994365069035,6.456727236041558,160.15803137233505,124.74265694671939,4.125
0ef6ca24-af21-4658-8e19-20bf8a0d714b,4805.0881310553095,3.6201249129655815,108.99551290752497,94.2064417835433,34.76845668865106,6.807275991737149,171.5016919873192,127.9940741461404,4.125
7a7ccb88-710d-4fe3-baf9-a8d33c3cb064,4981.949538754648,3.2480124375282915,99.58248261137041,84.60842773724346,22.852738795499874,5.794939049372639,152.4914712422381,104.28561863660815,4.125
b8fc38a7-15f9-45f7-b883-c1ca65414d22,3163.000196901927,3.131134323243345,103.1676215125568,92.03016184296095,25.950374334850235,5.76733315391075,163.3931468515942,132.15958898698966,4.125
8d2048d1-4db4-4c67-bc6d-e38a8cc2ba1d,4338.1351614664145,2.7423295562938876,91.63437868306036,76.57127334992616,14.325695814067906,4.7615982139982105,139.58042868334894,91.49445457620891,4.125
99511564-6a31-4de4-8aec-33b83ef2e4c0,4305.95739666509,3.384349402873063,104.51405643554277,99.16698065657486,26.163581002914214,6.2122732772538525,161.24607508530323,132.5955516872981,4.125
b3208d98-2e86-4acf-b357-8b77371876b9,5070.1320354623,3.568649246101626,101.96037668659568,94.31163349624582,32.99083345124744,6.6439644165421345,157.37633251921523,121.51265760114791,4.125
c43183db-63e9-48dd-9136-f1570d5216a4,4887.152396716536,3.4453711506717624,99.42339109610495,104.49236690494759,30.35651029280023,6.541493098804435,154.05921501587898,142.2453863618432,4.125
4d3182e7-7d29-4145-ba88-9ccd8807048a,5117.535798905239,3.675965451846428,104.3845841020767,96.74902461711102,37.87673601730672,7.0142839880995,163.14045358468115,130.19675741818952,4.125
4cf9d11f-5bf3-4d1c-8fe8-abe6f14769da,3464.858589914699,3.2545806401982267,100.17749128818694,105.84446616227538,26.19424723780748,6.100812769066465,156.10458425086108,148.7099112067597,4.125
1a5f7f11-4001-41ec-b10f-8e2f52146861,3841.2305379057907,3.56693677325314,113.25962240422045,105.47040170025623,34.276801249692895,6.720930920264241,181.53509507772014,140.3534125686178,4.125
a1a43564-7bac-478c-811a-d8ecdc43837e,4923.920906739003,3.4906035157483193,101.13664871520015,107.12690143537543,32.85946832433717,6.658212701097183,164.04589136104985,140.97818452896604,4.125
d0ce896d-b9fd-4e7e-8ecf-665ef6dd7398,4358.495211422617,3.0119027111401873,104.12759995459867,88.0196916042369,15.22213040588251,5.1231304073366974,155.63968095874608,106.53820010433259,4.125
0c00be04-9b09-4d3c-8f6d-3536c0c7bc98,4625.607805626329,3.6808486810178946,106.24632554029803,112.79617310688317,35.83680449525484,6.882020194556013,162.15145521459982,152.54411856615187,4.125
eb3e29fc-4cb2-48c0-92bc-7bc525aba2b6,10389.98491517664,2.172368812877829,11.238006773898476,54.74389345489841,21.580692579310277,4.4937776468622594,36.77673568841784,76.03306758272795,0.0540000000000007
be945669-39f9-44ef-88da-a875a15f7dd6,10054.475435875898,2.4518127824639024,15.123086766044633,55.4521964629055,27.667070994337084,5.1895563480400115,42.99099533240316,75.66168293485636,0.0539999999999994
7748d859-330f-4220-a66e-5712e6f1833e,10413.088473048454,2.4439598699769265,17.072998779316986,54.72040783613726,28.089873440458327,5.249728352833934,46.5907438390906,71.87416044286914,0.0539999999999998
28f8fe40-2262-4f2a-8925-2a18de194548,9719.062895402605,2.787166069128611,45.301273257591866,74.02684667022521,24.48389684345213,5.550733762055774,81.32957671697461,100.92556433356705,0.0540000000000003
7ef36a5a-1f4f-4aff-ad34-2f32ec108530,9045.430087497314,2.8517800069512416,53.245961366907686,71.47983189023662,25.56828897982709,5.55649738067932,94.30669924621786,92.67265274407873,0.0540000000000007
47081519-e5dd-4ea2-8da9-7604be165720,9021.287517495311,3.051092154697782,52.797242543599616,74.12958296231878,31.61784647642534,6.172826045615945,94.56816791271073,98.34752931270747,0.0539999999999998
a7ab91ef-722e-45c9-a70e-24beae43e747,8154.07076764736,3.1749791661635927,67.43767789575898,79.1510484360235,30.158922515922544,6.336116860804947,109.42361407120312,100.69016127345088,0.0539999999999999
eac4fc68-4622-446a-b55e-4fd0e7db6473,8373.015729290652,3.195038601513138,63.27267175746512,85.36602390345814,30.761366502903787,6.366767107292777,99.27107644249145,112.96853747048004,0.0539999999999999
d69e8735-c51a-4f80-8d66-63c8e23fef6f,7132.559007224596,3.345761926876634,75.80925583975524,86.42844249037479,29.979532031619346,6.412640488171426,121.06502812363797,114.86112485399164,0.0539999999999999
d3ad4585-b076-43ce-8ab8-7d9df7e9d735,7445.171692496978,3.3041341644167366,73.48256395709831,92.8404124908626,26.918575052839298,6.27044065166205,113.64545176772151,125.99916646316174,0.0540000000000002
18f46bea-9fc1-4519-9887-95d53b249f39,5742.305547652437,3.520404243038956,88.63185754460477,102.60885633389378,29.39742531506717,6.594134867997964,130.0539412878882,138.7472489509088,0.054
00e6272e-7190-42d7-b728-1d4ebe0da1f6,5127.013155680457,3.560358103102121,92.70947257095305,103.96406497022949,30.059624766466197,6.7524874878315675,137.71003352529834,138.08298430447323,0.054
808af5e0-507f-4727-8d1f-496f1b4c805b,5734.961226859584,3.4635618792905,84.68179083952258,102.64436336311309,28.62138064764381,6.525690919762941,126.13748603890264,139.84619465317118,0.0539999999999997
348e026b-1bd3-4620-b060-1da8943477c8,4792.507090364513,3.455422954778473,107.86668118447342,96.03200106920217,22.658721430530896,6.310287240046463,160.0395147811311,124.90036703796369,0.0540000000000002
bc99463e-5e92-4b58-b64d-66b0a94e93b7,4876.157894519442,3.8543598743739844,112.24701135777161,98.58311172735951,32.76769508876093,7.165764781159438,164.18976682860486,120.47067189650073,0.0540000000000003
faf3ec28-791e-4095-9bd7-0d9dca8a8832,3513.417369626148,3.8097279272753073,132.338050803688,100.04219689410219,34.294786940009395,7.113741351633706,207.1895856009318,120.53447395203663,0.0540000000000002
167da78e-a12e-4dd8-8fe8-7e62e0915e57,3897.581935834358,4.00049555670936,127.81541935530798,116.08825281328366,36.095329130872905,7.461299809369618,185.75739352383897,153.41184671693367,0.0539999999999997
60c6fe7f-5150-4189-ae56-78ed311f81e0,3581.9242882134745,3.9209710643806974,126.39904688598234,113.69699016810092,38.826945428704335,7.486785392804629,190.59813971381843,153.8089472190743,0.0540000000000003
042ad28b-091f-4fb3-8cd2-9d7133d9e535,3319.6892007319357,3.6010318839976843,131.19025878718568,97.48744320216738,31.60745450547464,6.778208099454418,209.81669910013983,124.20904455500079,0.054
81c11031-1340-46d0-8b71-6b32bbb43c1f,3697.0821982629745,3.886066786941621,129.5364114274424,104.97949412607288,33.744683235774126,7.166706917090276,196.3578077055064,133.64813011049193,0.0539999999999998
7df4df72-67f4-433a-abee-cecfcc264974,3174.039217132844,3.823321282870642,124.38586165056094,106.93112621136437,35.38491885529071,7.33938469948626,196.92492728961807,144.59717258786867,0.0540000000000002
b52b01c8-1b8a-47b2-a709-e49800573069,3463.9795934579984,3.918750479655903,132.03408221598167,108.01555831120345,35.30313191850741,7.392649186353648,196.77327837339226,141.20541013507608,0.0539999999999999
b79cef20-723b-440c-a2c7-48ecb20d2165,5690.492725012176,2.765057544093157,44.19545182198203,57.27558504723243,34.9450312657879,5.613412539200437,91.6178811605748,73.89174863939994,4.125
5acd70f3-f7ca-4b58-aa64-be5f2abb9a25,7708.338423171986,3.0231191209709616,45.11432717143145,67.45406478498731,39.338120253092924,6.227256020823271,88.428644650499,91.84526214839248,4.125
708ac8aa-37f7-4fdc-aeea-76cfe5b0b62a,6895.767523887856,3.0649199863784533,50.70328072709495,75.66389602609746,40.34315069112313,6.391092341606083,96.29749174123364,107.98863908950645,4.125
ffe4c588-b136-4411-9060-1d2de4172e25,8237.93056251962,3.074425063703869,50.82953637317219,69.51830921165485,40.421216663779006,6.380805295690113,96.62441021755374,94.90927936194456,4.125
5d5bcda0-c3ea-4ebe-b5ba-a013554dd38c,5806.193852385798,3.015028952371461,49.147532319092484,68.34516778546794,39.50302324387697,6.229241744927637,96.59881287667099,93.24709461437475,4.125
ff8b6352-94f3-4e73-a3ec-410842278af1,4178.427445384705,2.2487441921359665,57.82731759399843,46.940949240077764,19.27724001156439,4.4442163013200835,114.03360176745586,50.48968654466369,4.125
04fa2d91-e66d-45b5-bf8c-2db0296c8d7e,7168.642854013168,3.2545124308553506,74.2206435784188,69.17206538802617,37.171027642133886,6.47697300934055,125.429314766975,89.7816071273611,4.125
595a1cdc-a5d4-45c0-b278-25f27af37c25,5614.318170316845,2.8772434453380495,63.12672269825651,69.15212245535777,26.788057185037523,5.505013753916984,110.97490238839785,89.65879225393867,4.125
0219dad7-2f40-4586-9ebc-f078807d5538,5062.603913224573,3.393414918738413,96.89241353242686,86.45199531541624,33.20292715072427,6.432835027214781,156.66104857187295,106.13839093244083,4.125
42d18064-1646-45d1-978f-a220ed940cc4,2797.2417346918455,2.386084992825739,67.75757780354336,80.42945122781845,17.376372520431822,4.5333448409631725,124.74345796816807,109.48025310363019,4.125
bbbd0550-79c6-48fd-8613-2f923fd4a027,2539.194368271572,2.6833074523531404,84.60864656753145,75.20217202221829,24.28621806191396,5.277096669730907,154.0844328711267,94.52192905677958,4.125
387d398d-5304-470b-95b8-e4d4ad3c3e65,5368.993304082301,3.444121239464843,95.96282358983477,92.09923424970663,29.640638971668775,6.412113895607285,149.82982429239846,111.43240302020277,4.125
491c25da-504b-4c29-9f17-98607be848ad,2373.1579233921257,2.3073999376904943,58.01824817337585,85.79303791440367,16.747643829266096,4.345940743715665,106.3892949859159,125.19256129904134,4.125
fddd9b0a-0445-4d65-8cce-6fcdaa7e5298,5093.554745136002,3.3687456171147363,90.48671348949648,85.97482925852167,30.684779717872427,6.3426109113746,144.58393643465993,111.57368844492566,4.125
d091ccc9-7f22-48ab-ae96-3cdc399163e1,5437.647737728343,3.5114981027487016,100.99014676592606,74.93650684647115,36.62596705608298,6.792043802776428,161.70525092223545,88.95008909394306,4.125
591f4c71-dc15-4ad7-b450-409f3dbf50f5,2435.3420548448835,2.5588030475859966,75.53027331415622,81.89827918651449,21.714333808615,4.940670624920207,134.9326916020369,115.15644191369503,4.125
6bc8c5af-d8d9-46f6-801d-4765cefa91a7,2516.7534989478518,2.7888686146597736,89.58499458532616,77.98012794431762,24.580964930923166,5.374645044969367,158.5870728170473,100.74436347757137,4.125
d2265ea0-2f5e-4243-828c-4431af3429af,2533.877256208584,3.074755368457558,98.24307607707236,86.98316467424303,28.4452762953127,5.8255840852642935,164.57999471497882,117.59037276645479,4.125
f8ff0e6a-2414-44b5-b415-5594239e2e81,4364.791160935773,2.867258394339594,96.50195376010385,77.65826505782351,18.956737227972237,5.2306214312243995,156.83953754382267,90.84589741882687,4.125
bbbb583d-a9ae-4bc7-ad3a-62107a32b771,4513.852101095376,3.64248566714455,113.57940275662529,82.40186819889621,38.299869431856635,6.971416602209056,182.21540975850434,98.02704463346154,4.125
cc0c9073-20e9-4ffb-85d4-1179d04fed1c,4693.730590752986,3.5638199086072224,108.32277034947397,86.13908538774697,35.11222891209332,6.750341594112766,174.00625439533664,104.33033007089006,4.125
3608e3e6-4f53-4e8e-a08b-c9464da81b8b,4112.925825437373,3.444906298607325,105.03636284437499,108.01318776968837,29.591913293483923,6.416382289003947,160.18967142526128,144.52905171847294,4.125
9b2648d2-03ec-4b07-b910-91ea102ca3e1,4881.907510944469,3.4907205290790757,110.29204681423869,71.44841359094836,33.0022082270595,6.622596454904235,174.0272304792587,79.69632591662102,4.125
227c34ef-7482-4e1b-8d29-a96940a950c9,4494.309077741612,3.4269893261606033,107.78510329361951,80.32110244264723,33.03337237530276,6.592007954374069,173.9497958803036,100.02096177054005,4.125
bfd40641-dd39-4d60-b3c6-8ea540ffb7c2,4606.2982540679595,3.5114561376348385,111.48845759114423,82.72843464520639,33.18710182697133,6.646899529238383,180.24709103680533,97.22380340104405,4.125
f89a98ff-1ede-419c-9276-f4dadb7cfba1,3217.9871515842706,3.520472261202551,119.7400325358601,91.27632690038847,32.74027215552803,6.661621276920932,192.63726112413534,113.70094273729104,4.125
e29d220d-e583-4824-91c7-73d521f11409,7038.05357521267,2.303612020392321,40.63208974417328,64.79713278109217,17.77619318492181,4.450162635264843,76.72161617211343,88.05875112410814,4.125
c6059c9d-5215-4341-a6ad-ad081e0da71e,6473.103123992735,2.6751749488337335,51.425945842762566,84.35171761850738,21.937766798262697,5.071007542521922,89.40264338687062,120.16065546452643,4.125
96279f8c-eb40-4710-9a52-f0d150473447,6799.126111767976,2.8611146295926364,56.84204006450782,71.75347879397196,27.607345264942204,5.531440584894184,100.90389803840625,94.27770918827375,4.125
7d8cec22-fbdc-4bcc-81b7-7380ef4b91d4,6714.1433365369585,2.7974356596048544,53.56663484625504,76.7845685805715,25.854510035353638,5.395095946287695,95.26481867505949,106.3733603609684,4.125
ec8a1dab-ff8e-4a63-830b-8a16799149c0,6379.959353904974,2.9222288989094696,61.464884642214805,78.65820453521141,28.30383108994707,5.6963884637664775,105.84987153791516,108.36255563328942,4.125
9561dced-c1f1-4bac-b6c2-2454d4987f9b,4909.234828981902,3.50609658160025,105.93430184115167,89.90925827539658,31.501754661764934,6.578285015191852,166.6963513447809,109.26312536166976,4.125
1f783b9e-43cc-40ed-a2d5-3324c0f5bec1,4226.822613933359,3.4118989160354602,98.58912655923365,104.51976305091252,30.53267298403475,6.408547605741191,155.89264625666726,143.63117906005436,4.125
166fc52b-0005-4970-b280-95d6e19d12ad,3452.2830461424996,3.1754505690215535,100.41958836389995,99.04020001581443,23.33822385572104,5.779384044367881,159.80090937009555,131.62800084673611,4.125
f95d6091-d194-4724-b1d9-155dcaf9048c,4460.925938005816,2.914505128480711,97.99612526803969,93.0756077308219,13.626461354902585,4.883178654229492,148.20624623712973,108.52539583949175,4.125
811db87c-9be0-4f51-8953-0fd927c44651,2399.8345932848324,2.866764744727844,93.20258736963078,74.4270026475521,24.97264975241709,5.457569229767419,163.21718775576116,95.41146148805419,4.125
d5669555-031c-4757-86e1-d6c5c285c902,3810.4782444321277,3.4100793153682716,105.83270712625259,94.9562141522987,35.122250255834636,6.510375641963368,174.78462691527656,127.6141304575053,4.125
3fae5f8e-a463-42af-9f8e-fb0397ca533f,5684.657233758572,3.673679782036326,107.64482751377551,87.6575126459347,35.891411524800915,6.96776602727396,169.10675991140764,97.97827048980048,4.125
2edb8b56-2630-4abd-b98c-0ada0f8d6549,4619.364221146123,3.504019989650259,105.34138880017275,96.86219469673043,30.060258744947426,6.474560934325194,163.45697527421723,124.69185125892213,4.125
e41859b7-40f3-4c2e-9d3c-4301a98063b5,3292.0015781350294,2.8735499163022213,93.41166471280437,100.42062514060092,19.316588820334818,5.151332746627649,142.05401230380198,141.3151826766451,4.125
d88fce3b-9ce1-49bb-99ce-7e5c155ce981,4181.833846356608,3.398721693933095,99.8053017614561,77.7800031702862,37.36938141363032,6.722310325503975,173.77578158404023,91.61527240311187,4.125
0b6818fc-92ab-4810-a8ff-9e03122846a7,5358.945426384343,3.6704447455807707,114.05271873797263,93.26317508752089,35.37796055919504,6.877224573736568,175.16361150946787,106.19221006600463,4.125
bbc18060-daee-4624-9223-0a230f154b1d,3725.8112725990018,3.4072605770009945,119.4058572602902,105.82164906365053,24.9087564496481,6.022361526994384,186.42758611373972,135.5443554246632,4.125
485535f2-191c-4dd5-bee6-fbc97986dc8d,3530.6431158947644,3.668125378757869,127.13874469496294,101.80587508855706,34.920544953596995,6.774241203851066,201.27138696379663,126.7419235758375,4.125
6f17068a-d1ea-4395-a482-131531421b9a,8338.320820622235,2.8848370538323165,50.773390871352916,70.3467033234297,33.971386209017794,5.937436304848033,96.90838693588908,98.03862493261522,4.125
5569d48e-86ba-472c-b33f-57d4f7845077,5325.406265199361,2.865750255104019,45.768001515014745,67.16594138771171,36.88573204448973,5.946560039063446,94.58212708294634,95.92696288982418,4.125
379df2fd-4350-4301-b0ee-43b3bfdae90a,6419.705728262729,2.603800799652457,43.098995276095245,66.12252481041506,26.515159644157848,5.211468986344669,85.31915024367065,93.49034131556047,4.125
286594d5-5ce0-41fb-acf4-3a50aab61c28,9360.035248871469,2.7992178807809682,50.29079365536201,68.04272322686317,30.682572609537452,5.680880662790067,94.47246622324322,93.42677903196201,4.125
c002673f-c3f6-498b-bc95-9a573fca1598,6960.923510624453,2.9066385791092677,59.925041981286775,74.70673284470678,30.195153989547695,5.673755797282247,106.72754552146252,103.4572781749437,4.125
029403bf-f42c-473d-97c9-4a47b9b3dded,5970.183636595269,2.8081041493217187,57.67067975181455,77.91037769208772,26.400216560666934,5.418651264473101,102.83407044410325,108.12894807850549,4.125
5df4f306-471c-4def-971e-2b2157d673c2,5293.670887429151,3.0946156426529967,82.39450033461203,87.56102790092557,24.85168904942076,5.756056780849649,138.91981512437906,113.73836597487042,4.125
c2955498-d3b9-4610-af2c-8c0c379feacd,5023.493804250117,3.08198111788321,92.46916954441022,75.98716684493132,23.539475772853113,5.608612483649565,148.43768959864192,89.50619567879463,4.125
f8ed8e37-3d8a-4c66-a2e3-a954ab2d4bd1,3569.164496883413,2.262133541572301,65.60245292683904,53.95093637105761,18.940199710847594,4.479294496409026,122.63033105237868,57.14229120111415,4.125
79752d06-7b55-4fbd-b830-d54d5634a1cf,5326.156755286708,2.9901369268321782,85.79933907537102,80.63506361284185,22.141150114775073,5.440302726366682,141.97532340319438,95.04371231704503,4.125
63553204-5acc-4f6d-af67-eeac78d484d7,4860.224386814346,3.3668322576509726,106.63377532034141,76.34995552239492,31.008524135787205,6.411357179870265,171.13825679783915,87.90910202144266,4.125
3ee259f1-69f8-4df5-aa09-5e3bdb8dd3ab,4121.194577804735,3.353652040040034,106.27318698864829,98.96853930738284,27.797657228804376,6.278485783759761,171.92109889991792,125.3544673300182,4.125
a4b03367-53ee-41bc-8138-a2dddb1833a3,4765.23110382603,3.314972412385711,107.47927041099567,80.02203728184615,29.21572938382223,6.2299709934630485,174.31185334460082,91.86621071151282,4.125
3996cf45-0a44-4342-bcef-adea687338e1,3458.1290318608444,2.7323775893050994,84.97860605246632,102.767117555549,14.846841483714098,5.005859043805504,136.50312665202108,143.2090334556842,4.125
9bf5e963-e351-42a9-8e26-0afc9f4624fa,5196.628525745239,3.11751973384389,93.50619873829746,82.67535493536789,24.77424475028106,5.833044652798244,154.71264988695876,96.83622064768299,4.125
6303dfc2-e2ce-4db9-b819-97a3f90e5cfe,4762.820081467328,3.1096674641359074,97.73893746674663,87.45885080345826,21.570181655178544,5.581582943203953,152.935588924505,109.51183529796032,4.125
34d6a583-17a7-4305-bd4b-f4b0c673e0ff,5183.826494072347,3.4254601718066895,100.89005864609537,82.6054960912093,32.18097265645815,6.419933364753714,162.95471643148102,95.68034752550325,4.125
8f2a8145-2653-491a-a857-f19ca2b93e9f,3274.7870610770296,3.265341025974615,100.5091788118896,103.5956423486245,25.27743420582318,5.988145332324741,159.93115384197148,138.78939923609377,4.125
1d8787ee-0e03-4762-a38a-681a0c2e3a05,5081.44660798493,3.2469467337201463,93.84909789735897,83.16018355114363,27.708926896634786,6.022012241831143,153.54519821145604,97.17058568367071,4.125
7f9df905-2312-4ca4-b742-dcd465967699,5014.618308741205,3.244892675689602,96.2755136544357,75.61417155908039,32.29514387376594,6.248611714241022,162.7395469906054,89.16638255589505,4.125
2dc7e7a4-5548-438f-9c50-b5ea5e5bbb41,4942.024197596285,3.3186624483164535,100.40906783941145,75.17544736171433,30.8204936461065,6.312831550821284,163.64355961356134,87.23390148291922,4.125
f24295ac-296d-455c-8300-3e3d5947a900,4701.055045206884,3.3542500391789045,95.45718318654548,89.87303998774742,31.835876249905517,6.351594614377629,158.68588125569727,112.80161011824863,4.125
a90bc9cd-f306-4a7a-bb50-7b9617fb41ff,5212.725409848337,3.1138601497644363,89.49663145226565,80.10393840915049,28.438179796821085,5.8746062163925545,151.430812672843,94.2812940241055,4.125
a1a1829c-eccb-426e-bf45-7fe8f2e65950,4995.907234944474,3.076515927090983,88.4747035534035,91.98405927428506,24.0148731531416,5.776641402685052,148.93307485826978,115.06334088128229,4.125
a69b387b-ac13-4c6a-9789-5aeff9854fec,3553.669695171673,3.1235672955207376,92.94281861197882,90.78196958107448,26.943922785444993,5.871938874051563,156.9973469502456,115.14425564571154,4.125
dd130ea0-e49f-4f7a-960b-48d5e4e8f1bf,4413.183174283013,2.983048957694404,89.62940387258698,88.46096859184495,20.959506262775065,5.4878882593397975,149.66230118961153,108.98306382790295,4.125
c4865936-3bbe-4c46-bbb1-db779a49134c,6500.080970934722,2.438510254611728,41.88385320989025,53.56383003054653,23.3626550025028,4.79391982322774,84.62430512813707,63.894540847649154,4.125
ace47790-7e1f-48a1-9fd9-b22a84ea9439,5211.930455201313,1.41909965804422,23.19132405948092,49.74937296231029,9.100433822633136,2.742870269272435,59.104708287674285,62.568150741210154,4.125
8a7a551d-1c4f-4644-8ee4-91e7a36aaec9,6522.9280011927785,2.269102982763275,43.043576659636955,59.57540372327541,19.5791628294841,4.510623146099241,87.21240757043388,75.52524447869979,4.125
1362ef9e-4c69-4709-bd50-68f4750d8ef8,6009.5863188156145,2.129326256844537,38.63510823071198,61.83488811756546,17.285630449460484,4.18276295896744,82.37296732986299,80.28536835583394,4.125
4b0c1c33-2414-4135-bd7c-7ae14052ed55,4250.3643446531,1.8215516696338059,37.808253983808605,58.77012470898849,11.248378846783764,3.4260817991939163,76.24056869866773,77.14102358021204,4.125
1da469d6-983a-469b-9a9f-93027ff1ca95,3670.8503971223377,2.2897442966526618,52.109681808119404,75.82431271149927,16.42403619746006,4.310468597309682,97.65594742982783,103.50620872624948,4.125
6495043a-2e64-4ca4-97b5-128e81f1d2d5,2038.903650560207,1.6176750619186202,44.07490937739991,64.91327648658522,10.792687103665308,3.18333486575297,90.1188472715567,85.82250152730572,4.125
f2edc6ff-e04a-41a2-a0da-8ca06aaad020,6001.196959619524,2.467409450195789,61.83190846017576,68.3616041525774,18.612973168262233,4.640127534021055,113.33946283081059,82.3456187415552,4.125
b3554123-233a-47b1-930f-49fa88126ec8,5056.3058100963635,2.788130453836064,73.63690263361957,61.09105682584932,25.66206456034045,5.434101444059403,131.53367964005844,70.32904598101281,4.125
851e2374-69ef-48c0-8918-c56dd9de72aa,5260.4612400292,4.049783559375957,127.83553120944674,111.80065653514562,44.17935237903365,7.799445998287648,199.96652022972378,137.2854500959552,0.0610000000000004
60e6b712-3a10-48dc-a1cb-ac2db3e3ae58,3349.281614251987,4.051709541991903,135.98994121696234,116.06849345444346,45.303728105499054,7.788417866747314,212.58613419034518,151.90475734052325,0.0609999999999999
7daaab19-bd10-430d-b424-4c2008668d1e,3329.094211726737,4.061547061761021,128.82310460981608,128.58948475684844,46.912396459052076,7.9800497042411065,191.0310993534324,183.61429034356246,0.0610000000000004
347aa17b-d5e4-4074-8b0d-7036091fc7a9,2982.9440144898845,3.78380205869389,120.07132021426628,126.66720011927744,43.32196484503476,7.52544423009698,190.08894679784225,190.27069905391693,0.0609999999999999
5fc579c7-6d2d-425e-b38d-e495b218ac53,2960.014393167097,3.7292771725291773,130.9118383155221,108.07356197694959,40.42085743457286,7.4350203147910285,214.49268592152424,152.5331470270274,0.0609999999999995
de23190f-d0ff-443b-b9fc-68efc445b715,3074.1533420445116,4.05526517624938,131.75765171655652,118.95059757727591,46.63126017710806,7.875599511234823,203.0290439189171,164.22646830050033,0.0609999999999995
6ca86998-660c-409b-87a1-acae8bad44ae,4166.7719385612745,3.889357817258035,128.0484989223675,117.64489430382375,40.56372546232454,7.570037624375658,202.4899846133636,146.1940338333387,0.0610000000000004
69e4503a-38f3-4e3e-b9ca-eb620e387fff,2669.3494303579537,3.714354013130848,129.61516668368037,122.13690657983912,41.028534994787606,7.301308508390392,203.17176065109774,170.10293512936414,0.0610000000000004
d54abc12-1e8f-49be-a86c-6c5d555cae3a,2832.704089902928,3.608113428839603,131.05443677898137,117.7954267542145,35.669243944414504,7.007316435253057,206.6863694903537,155.61384286918076,0.0610000000000004
a6e1adcf-d688-41eb-a713-e440e01e173e,3059.428995753706,3.719242666482367,118.31821620668626,133.84951248639837,37.72088648416952,7.21095990723663,184.99770550220387,199.57795867934018,0.0610000000000004
76e725c6-2f8e-4877-8df8-b34f03ae16d1,3002.330591208742,3.883610977880407,134.2070982144048,116.66963634515011,45.78192946119957,7.685619618325172,212.5501049079319,154.58652780921796,0.0609999999999995
405a6fb9-2db6-4127-849f-7dea62d17501,2874.6118838937473,3.799712097596948,131.26994250107896,123.22224115480624,35.19863989717223,7.097031794264717,197.03021441142528,169.5225459825182,0.0609999999999995
1be2445e-9a13-4964-a602-e068ce13a64f,2864.617143858532,2.9937763467660647,111.44817165605203,106.87200292720425,27.834279456838235,5.7949651673547375,193.16093853059922,137.6115818433852,0.0609999999999999
bfd1e299-a9ef-472b-b544-822722697fb7,3797.192707019039,3.7635450922783455,129.029326318492,104.37365718824479,42.90592839038178,7.570937855396683,211.01317106803174,140.50375663599905,0.0609999999999999
0afdaae2-9662-46ef-baed-9e77aaf0eb88,2556.607152774353,3.462770311685737,114.62089549364417,123.7978547958829,34.85468616849583,6.8744671153373735,184.2174253037504,187.03866705390936,0.0610000000000008
d5b5058b-acb6-4bd4-bbd7-afeb1edbdfc2,3657.4890687998945,3.6564097623951306,129.39324648305964,105.39682780663084,38.57921973061574,7.153399430075488,207.1948762964211,132.6890761738892,0.0609999999999991
c35d0bab-985d-4a75-9f79-8b44fd27130d,3494.40529881482,3.856977061696773,127.62588309312707,110.60911017331296,42.710584735797525,7.595601302865104,203.53082703281103,148.1397923111568,0.0610000000000006
7ffa783e-965c-4643-8c84-d2cf859172fa,3200.140537516621,3.4054714332153897,103.85259547426723,140.54671838523223,30.92174652470186,6.457912887168345,156.2085346052724,216.21404162263326,0.0610000000000002
a1b943e3-02f1-4714-84b1-2f3fcb2468d8,2828.8599808013632,3.5164329448492686,130.73215027764837,96.64984391814639,33.75951046634252,6.877506836354694,212.71029777837575,126.99372900624788,0.0609999999999995
d3147b70-2db3-471b-b241-37756cdf2501,3222.490120769885,3.2996333140923966,115.51540444859661,114.33814276827371,20.932226162786222,5.8931437127544815,181.27899194451874,161.27160952247056,0.0609999999999999
3e2d983d-b229-4378-8d0a-1049484eb1f9,3209.5167744250075,3.445722821382775,120.15391103312979,115.47446379729766,25.85899517223533,6.212309711345461,184.77099209395786,153.3895108615569,0.0609999999999999
227c13e9-9608-47b0-9b8c-fabe34383242,3173.6100304057168,3.5130760752592356,126.8259393273038,107.38182326025117,29.03525231026187,6.473705336001949,200.56288831041,137.868849060289,0.0609999999999997
62dcf590-db3a-4014-85bc-04d72264d36b,3259.911967029211,3.1367020959733494,113.06884271197708,101.04404960975234,18.3578353854783,5.801687155160907,184.04051553420322,134.173900699457,0.0609999999999998
c252aa31-3768-402d-886c-2e6bb67e485e,2645.265462452669,2.6761420854996416,104.85430319887345,109.31467902493662,16.578696502941277,5.026906949418649,170.37269640135403,156.73069187024754,0.0609999999999999
6df1d589-c1d7-4b59-ade9-4e1c9e967629,2351.0251550823855,2.751156557679396,102.66795534582707,106.8437275127947,20.610594867929205,5.274336954895142,174.2291232930583,155.764878341507,0.0609999999999999
311c28e5-5ac4-4d95-8d53-050421b7292f,3614.780238106908,3.3019486827991402,110.2422969067589,110.69731766133447,20.35938880065568,5.874749983696784,176.1989119783389,141.45478549685757,0.0669999999999995
416ba33e-dca5-4e44-b05d-f9e25eee659e,3649.10537199795,3.60201730964559,118.20994611819121,119.83046266562958,25.427749171505667,6.367173352488646,175.98785152119393,158.81963791817378,0.0669999999999999
dc110172-4456-4667-8529-f7edf6564400,3398.95028331965,3.257586971308484,107.56901655390007,112.7948983346758,18.56144992812741,5.85626046260351,173.87272005898618,148.19783835657594,0.0669999999999998
e3ff7edd-17fe-4333-b60d-f5c4bffecbf5,3490.517938223968,2.9247500783715994,105.86157167672549,101.43341378377661,12.317164050624147,5.0264613453067915,171.29126123383645,123.91145875768638,0.0670000000000002
cb1f53ae-386c-4938-bca6-99916f328488,3100.9813718956184,3.4243630733116213,113.0204975772327,118.56084743703175,25.023396057090046,6.294667986756165,171.49896806933697,155.1306825225488,0.0669999999999997
4e538e1c-33ea-4a43-b6dc-0d7e760afaf2,2627.7253605167143,3.0578200436596323,108.47881135912839,103.54936004896649,20.094958513181773,5.559770780045069,171.0672458664768,145.50856374154088,0.0670000000000006
5a3cdfe3-c013-4d98-828d-245dd1f5b0ce,3835.795140296225,3.935170361720242,115.91393462757354,128.72054692596282,48.96580060117018,7.9191051320413575,186.80959945071882,186.52176398012514,0.0670000000000006
864cd7e1-5e91-412f-add3-ae35653f8f7d,4550.352894220278,4.229502992885599,127.86620435903497,120.97818049559784,47.697070946072664,8.130877517708628,194.46642993280264,159.3250581381108,0.0670000000000006
c4372eb5-50ec-4372-a394-098eaab69812,5010.346211877954,3.924163867347299,123.5579498811221,102.78927252702425,49.86683236313764,7.908323136631856,201.18436289544331,128.81365785294966,0.0669999999999997
c25df907-32cc-4938-8e4c-8d228ef822cc,3900.044640243561,4.0755685219588775,129.75735312633304,117.1013531144143,44.779403279231836,7.881254065234106,200.71886185346955,156.47188261852784,0.0669999999999997
990fc215-2fd5-4e68-8037-afdc660311b6,3622.5766250128536,4.062031361099951,125.17152349267296,131.09416088462348,43.282264699910364,7.722307424993597,190.8495189733147,179.53054684516553,0.0669999999999997
a9c2731d-7a6e-43b4-ace2-86f3cb5eefaa,3078.3441619898235,4.125219066970437,137.0385852027994,113.49421091018371,47.271430417832846,7.98312094075308,215.9993543896847,156.09516924283207,0.0670000000000002
64abf681-cafc-4f68-af57-125b415bc450,3026.459346896394,4.057155448441672,128.50190433553436,129.9033183762299,43.26951964208688,7.7600993901315265,197.1829442563514,177.69583114111708,0.0670000000000002
a3839e74-4891-41e7-bdb4-2a718a72535a,3197.220812335837,3.5379046294295153,124.66696438834057,104.12441156419756,26.09546083230102,6.4409137841473605,194.98720243930796,132.18072927194189,0.0669999999999999
894f976c-480d-4764-ba55-770951d5d556,3100.577612276649,3.4312813445961092,121.93170327382533,117.65048077550514,24.34828910674414,6.195516499215495,195.32832170042653,151.62415421306446,0.0669999999999997
6af62c35-cc57-4fb5-8ea4-672768514a66,2424.203365820845,3.349592250800323,116.35696495193608,122.1862831078967,26.37212154588201,6.245353572939718,186.8755367370885,172.4912477803471,0.0670000000000002
80f52efa-6fc5-42c7-95e9-89c460443161,4171.311238469723,4.019616013437632,126.08796059725853,112.67020866006553,48.360908477955505,7.964175787923641,203.6578645436086,148.177142204292,0.0669999999999993
ff20120a-5d99-4d52-abcd-a89d19e0c87f,3137.2987166517923,3.892499248923945,131.98812075435595,113.05925251837301,39.33430742049993,7.50085403518123,208.50903927478228,156.0744166125297,0.0670000000000002
c4eb3957-ba9d-4a03-9f71-eebc1cca3ceb,3724.1253662291415,3.938932381596686,129.45918766162612,114.75213571766223,44.04869673853916,7.4408986747555055,197.25172997657646,153.92127923235324,4.125
0628a224-40aa-40c7-be33-5474d65709eb,3610.220749299492,3.3540072744664355,123.82209225204895,96.45755406758299,26.721734460983637,6.019949108033189,197.90174581078534,123.30754479911472,4.125
c36ee690-e1c4-4785-952e-2929c17f6ca5,4285.36781253704,3.591956201249374,127.06921757471841,98.79451806962116,29.44983707284414,6.457241663455193,195.42609598681406,119.49008733810047,4.125
a71992b8-9943-4961-9e37-7ec4a61dfe88,3833.4112643663902,2.3616916979199556,98.52012035501879,76.54388863251691,12.56476586097811,4.011367448256721,160.57742762089757,90.43791302977544,4.125
07f45191-4573-48aa-b44b-e542938ed53f,3718.972512889612,3.2564950777129553,121.98463476357324,101.78680405330306,19.147030060843072,5.586282627613523,189.2039406881857,124.63497493451311,4.125
8e900e33-682c-4bb5-9ca5-829ea083352a,3516.7675732713697,3.5754122871508245,114.91792670873726,110.71432025171913,30.102891331465155,6.547006564224363,177.52249038981938,146.84288411907548,4.125
05bd697b-7c8f-4b1b-9e3c-8587ee0080ed,4026.825558860957,3.451254903511619,105.33170277569418,116.48362583248752,29.505965383721676,6.465706365833177,166.1707452160002,163.80354263942905,4.125
09e9b37e-b5f3-4814-aaaa-641dd5998ae1,3578.5610466414932,3.343828355540341,101.65639410458861,119.20789874005592,24.7007593719102,6.023760570733928,155.5725095329425,166.7586624089692,4.125
d4939765-8d27-46b1-bf1f-753405e43fed,3731.3714050561744,3.150947479585579,101.39525036471909,104.95988259691313,21.760997481495195,5.677208164136729,157.41279100196758,144.361055623308,4.125
2fa09330-461a-4a40-9af2-d8ecba7b129f,3833.8695858020387,3.7885253497122116,127.16572339280016,110.7295497937754,31.761345014757165,7.007027215546853,192.529912075332,142.57732239382003,0.054
e678370c-3939-4c29-bc29-65d5d4adc30a,3718.8829987164067,3.972225421806574,132.06353649301303,113.16313114349313,32.28534984250466,7.231337591300214,185.41039906152218,144.10123898778642,0.0539999999999996
5040c351-6a33-4f7a-9178-161e96da08b5,3684.7272373478054,3.8534544696976742,135.42169553642086,102.78478157954115,31.82503440362768,6.990766385589763,203.25945839382854,132.3999305619774,0.0539999999999998
0d3a645c-ead6-4ce1-b85e-4b88753d342f,3809.2922485053014,3.6266105353261318,131.79236537407823,88.79111193056727,30.502131105657273,6.746530455503422,206.5170779917544,108.69025577211582,0.0540000000000004
10c1bde0-fbd9-4a85-a68a-5b55bc627290,3460.4239725915127,3.861176598002931,131.84390447203623,103.84132327871028,33.653823166896146,7.287569298345921,203.4847091753827,134.74294979524282,0.0539999999999999
18abc46a-4cf7-497a-b6aa-853f74a90402,3845.2882250433113,3.6403131388173042,121.79405464241047,108.02026152078741,31.27315259725022,6.629327301145319,185.74631135686667,137.78803670078787,4.125
dceb238b-6ade-426b-bd29-8910eda606e4,3540.450519174248,3.407040184027779,114.82117416015379,116.595060931973,25.99124730205164,5.963012488071111,175.4416675899168,158.10884501157463,4.125
bd49cfd9-436b-4286-a64e-df1d557b5477,3400.209762514741,3.558781433699465,122.95350700548717,112.90631840613705,30.636431656871387,6.463557673285086,189.4460192385104,148.117120504292,4.125
8fa22e69-a346-493c-ba94-050d9af80dc7,4039.5748118816014,3.671275221326677,121.15666206199278,116.56884465925204,30.097496154222934,6.415032355285148,175.31274695493676,156.05477445123435,4.125
8132f0f5-37a8-4121-ba19-620a1fe5f5e7,3751.2954426616,3.6686927714993907,122.11279764433867,111.823430489684,35.697606766701426,6.72958982525739,191.49719017652714,148.12281795697294,4.125
834d3684-17bb-4ee4-8da1-cfd4b1164b23,3630.025849391074,3.456293839442667,113.7263137128391,110.82615889580188,27.956666754503576,6.233691647840276,178.56440813015755,149.39759941955072,4.125
645e6b14-7346-4b24-864d-839c843cc8f3,3055.88431103949,2.8633885443122393,92.19853435266575,122.26714800388493,19.901741226823415,4.935348284429016,127.93842232632701,182.96187800911753,4.125
63a9936a-ef40-4cfe-b5d3-ea1c1c697537,3616.6669276936937,3.4964128022926646,120.65901722878854,108.57328407549646,28.092140226107173,6.299544517862966,187.18131380983075,144.01814894381474,4.125
4095f85a-bf18-4685-9e81-fe4fdec68981,3649.2715358038354,3.3791736621442983,112.22408937742307,121.90890266816737,25.83111180354136,5.9598002497804075,164.35191094867776,172.35387556785062,4.125
a933165a-174e-4bbd-9ff1-1cf44885ba79,3518.4074232892185,3.003498273175967,98.5539172701987,122.3864588839445,17.923458966958666,5.114565543839261,141.3726194455622,177.531419255946,4.125
bdc3e3a0-7c93-43ab-b135-7353cf6fde20,3619.9524151982364,3.5607117591548874,118.37877118846687,117.3993177001838,28.18546012178292,6.369200607650246,181.8109003374975,158.3031679237038,4.125
