track_id,launch_spin_rate,apex_t,apex_x,apex_y,apex_z,landing_t,landing_x,landing_y,landing_z
065c1384-11e8-44d2-bf1a-db288c0ed636,7138.410171992279,2.4170639116957355,39.695069766562064,87.47252933617918,17.391940760587527,4.699101840110272,70.50621155677268,128.27047044104992,0.0610000000000002
a97c3116-70e1-40b2-afd4-1a00b7147363,4354.994414847623,1.352648820748765,16.329763527666813,66.26029560090679,6.713719794778491,2.6582517799950467,42.967098241797586,99.10368077863282,0.0609999999999997
c2dd368c-3e5a-4ed9-8e6e-db8551dd47ac,6571.874438078908,2.5408798633779432,57.67879666254859,79.88161825698754,16.020028027141993,4.866015875015715,105.32390741864916,110.49713873602416,0.0609999999999999
dc80735e-d8e3-4716-a20b-73c189f9895d,9689.13372993813,2.6097723165912083,40.77530943625668,57.51037677909002,27.750966170693253,5.307837475440958,86.88220123346882,70.70012005772655,0.0609999999999999
9552ec97-ca7d-447f-8d11-5b17bd3dd31d,10304.002788849106,2.432848578746965,33.43063150301433,63.08389705238882,23.271676285690972,4.913692582776445,73.72404828560944,81.65293696251376,0.0610000000000002
58f8ba48-c1f0-41d4-acf7-5f03009f021d,9833.913105070453,2.516007678934142,33.35596202752173,64.14714208332356,25.41872975137674,5.058900688961426,74.97897384435541,85.237367540548,0.0610000000000004
d6e63f52-a798-467b-a0f5-f99e65bb95f2,10696.022487204295,2.4657782948850375,34.880208145276,58.441186032432554,25.238399841194926,5.033080571009696,77.03197377022961,72.0836105780198,0.0610000000000004
29a7d003-5dd8-4bf2-a5c3-b43a0e62f453,10486.266946287671,2.075890479069103,22.44494282189018,56.39179585542207,16.68243743076284,4.194448457535738,56.600656946160605,71.05242700403838,0.0609999999999999
2557cc62-a469-4998-bd82-3ac4a05b6e1b,8750.565566713987,2.41701965550725,32.588104062323524,73.7423248860394,22.925900256506537,4.866347206476506,73.53377394817129,102.43311199772522,0.0609999999999995
acfa182f-177c-4d4d-996d-c573e242e566,7077.360343791545,2.0028640536167646,28.406662852516455,50.46454246661376,14.35145839275295,4.075819719981539,68.20282295002067,60.69980122277181,0.0609999999999997
0486ecf8-2e97-49b5-9e21-5da6b7780770,8830.291618932166,2.9467613554459455,60.907110128875,80.39094265083484,28.82266751880966,5.851324594045117,108.80416361349366,103.47783121137644,0.0609999999999997
ed127a2a-c0aa-4757-8860-ce5f98df69c6,4522.1441055297355,1.5030028620325253,21.54894552791562,46.04896752798851,7.111351346926183,3.0316142880714265,59.0140156426065,50.747354084344394,0.0610000000000002
d2bcae15-56d7-4a9e-90e6-95799e3a2a35,7219.58995472731,2.270750963809828,42.62996669962514,62.19303781924855,18.623124622601278,4.580261872860767,92.93289090840142,74.63832888532887,0.0610000000000004
72c0ba08-8f1e-4565-8717-2324993544a9,5572.247248943853,2.170703670809265,36.127982794555116,64.91091742818018,16.581044348507096,4.308729292483513,82.23530223460683,87.24276063723882,0.0609999999999999
de5c76ee-26b0-4d84-ac1b-c4ab47500671,6208.656461767378,2.20718078063631,38.18313752851086,68.8670317926376,15.346110757258296,4.387819684410062,80.87881642800062,94.96421310691908,0.0609999999999997
f129a513-86f6-4729-b8b1-18d1e4e43a56,4744.723224602463,2.115576309993079,35.857711806620934,57.705435497275765,16.311191184723405,4.210855156323884,83.39564175954803,71.75214414968251,0.0610000000000002
73067808-1bfc-4cc6-b493-4c447f40270d,4514.526544695626,1.2298790613766801,15.469317036858993,43.58344191419566,5.250314403831263,2.5610058499613677,50.27204635350731,48.802964474438,0.0610000000000002
285280f1-1f6b-44bc-a2ef-476010e16d49,4243.06752416476,1.7861631061548973,29.214436154220312,47.10744285010908,10.838507038896877,3.5913059214848135,71.58518056903517,54.20031828303732,0.0609999999999999
be4dd272-b23c-4e97-9d12-f5ccb63cbd29,3833.462925111049,1.1113843267079029,10.817731972142068,56.993877819158385,5.001782969412419,2.1168897775087228,36.75307529728922,78.80607581412214,0.0609999999999995
019eccd6-c8ec-4628-bbea-64799279497e,2260.0926187298523,1.185951383622917,13.306592331766593,61.9829665980145,4.817413424107054,2.2754010729363934,37.88648830632779,87.84345665858848,0.0610000000000002
76f72813-9fef-47a9-9dbf-e4b5d89c9186,9553.334417193631,2.0442808416133196,19.0336901699568,59.7048450787775,15.999976873882282,4.13683155435878,49.95343266788422,80.72617285845548,0.0609999999999997
b23e2488-da48-4a9a-ad0d-d4a4cc9471c5,10301.25497122621,1.8707025499269339,17.317295994163466,59.210579200338984,12.102268225418031,3.670781985259505,45.83127573122844,78.72761951946168,0.0609999999999997
a3a794ff-3a50-46fd-8b17-56a2068e39fd,10349.634086023792,1.9402484471747372,18.410292207594953,59.27554178591225,13.72955710603645,3.8972482803792357,48.86308701508396,79.45864191471965,0.0610000000000004
f2165cd4-8627-4dcd-b620-b54cfad875fa,10430.049410899015,1.8769086242235917,16.317217037206937,58.61926385900242,12.710366917628983,3.748940244586915,45.0796059184814,77.34048686761996,0.0609999999999999
804862ed-3f03-4534-9db7-dda652f24387,9854.272591655585,1.7323919632305376,15.086700942520416,44.54636792498105,11.620998468529459,3.570348872908738,44.3455306971902,53.42078807651152,0.0609999999999991
fbb23eb1-79e5-4f5c-8fd2-07d12590f9ab,9424.524317231284,2.422999771098321,43.839993188455566,68.49961272926343,17.12619750824281,4.738700593702746,84.93573164856394,92.35026233250949,0.0610000000000002
a29cbdd8-393e-4c90-97e3-00d9624e625e,9547.808611432625,2.613087368497185,46.61090361267958,72.68559445932281,22.30949129593047,5.20633030358482,88.76972996997632,99.46687679206067,0.0609999999999999
0ddb7709-d9f7-456a-a227-71c9aa57b9a1,9055.435961088036,2.5328174390331326,43.67989320256657,71.08484264786443,20.444030758274256,5.066167970018283,86.36552280280168,99.00221882773452,0.0609999999999999
9a4ce044-d674-4cb0-a8cf-e330fa857125,9241.041733002388,2.489731183170809,47.10019409490556,70.49141840677706,18.564642304952816,4.918352951063496,91.41938325967844,97.43706074697684,0.0610000000000004
d854cda9-05b5-403c-864c-f6b21d9655ec,8475.2432132437,2.6121623216552674,47.24942371492274,72.05147524947319,20.358722671899734,5.117391038690983,90.36636146403968,99.34457924774902,0.0609999999999997
bd004b3a-5a67-49ee-b5a5-afdfe08e5aa7,7233.940023687814,2.590649843655108,59.755983794646355,77.84745029967924,15.647552292890369,4.797376384543095,105.51303150257505,103.89293497949579,0.0610000000000002
bd39aa44-4555-4e73-aa42-1757251a92b1,5308.823411199695,2.8830608473464774,75.52811209011837,83.98810327861712,21.788472034110576,5.510695242435112,129.90859616631423,114.90786744671102,0.0610000000000002
9d5b81cf-3435-49b4-a8d4-7f2ce906312d,6165.356815125758,2.7338428021534154,71.91257099682863,72.68180939371898,16.481792785802632,4.93961078073428,120.7726995499274,90.33734698782497,0.0610000000000002
9fbfdeab-f375-49a0-b030-27aefcf4ebe2,5342.969618470292,2.3574494751687887,55.556242565174266,70.9870272408836,13.322679974643249,4.382057651935361,102.88207771343806,92.25044575999809,0.0609999999999999
f9636e73-ecd9-4959-91b9-20e36e651231,5744.345060878269,2.905948109317909,72.53799589533897,82.48518271333248,20.927946635831148,5.3660360872150505,122.36096134920597,110.9229894392713,0.0610000000000002
54c5a503-27ec-451c-81e6-d610eef73666,6518.494524182359,2.5999581345067613,65.40471359009213,81.73303198738463,15.338890527904171,4.799063536710935,114.98405340067514,107.2129282805975,0.0610000000000001
87679773-3eec-42fc-892b-b143d4bd5d6f,5944.7864349461215,2.6736061195561067,77.12099841617722,64.36506912187896,14.962222882551048,4.884223930047947,131.8574445610167,78.00005308722506,0.0610000000000002
cfe21f1b-2c25-49b3-8b18-447161bf8e12,4901.222107513254,2.424360741952945,65.57407357019267,62.20451108224245,13.026452040059867,4.481163449832583,120.12201529795,76.99128481425961,0.0610000000000001
5edf441b-901c-42b3-8436-39c6fab563bd,5367.9295878576295,2.4491928166032624,66.98787087214937,59.70598479179236,12.460231709199858,4.460522286377703,119.29585411033399,73.5988883692637,0.0609999999999999
71979658-b314-4131-92ec-87529509adb8,5702.12700781014,2.7191841942200194,79.39830615026062,62.796559261178444,16.147452277115253,5.043057121046816,137.811922965246,78.36771084672532,0.0610000000000002
271b6452-9b23-4e6c-be3d-8e30b0dc4910,2513.5665740806926,2.8815268946608192,89.66979381281985,89.16143722576638,22.085905047255455,5.494902475184569,156.38083401048775,123.20915557442073,0.0610000000000002
67f65d63-9f7a-48a0-b120-910512f23427,3255.0206239811355,2.8569336829743714,96.17546928747589,103.37189800523134,16.04179884648145,5.365814307628609,161.66110653803648,149.6337924813023,0.0609999999999999
95b1bfbd-c166-4b6c-a980-193fd0dc2ab0,3467.189101603281,2.9655443748003663,95.78373885791623,100.24835878768657,16.84312773936874,5.475155234546419,158.33474837095775,143.55312877012938,0.0609999999999999
e50f7ff5-2575-4026-b5b9-6cab680afe19,3200.781494677506,2.572905516288848,71.41812412815376,65.12208312105344,17.808898771963936,4.967869193636096,132.69829337747262,84.50434558654156,0.0609999999999999
5d2114db-21d1-4805-becf-69734cf00391,2936.867980963779,2.557818924998383,76.85179000962225,79.90779731635953,16.444173874137217,4.876769109922624,140.83842297995236,111.17189497807371,0.0609999999999997
042454b1-8bef-4869-8efa-95e7031f02e8,3274.433047757249,2.6326716053621815,88.39359325086589,90.67369717614997,13.550993638851027,5.036837317782462,152.5276952645276,128.54131811980852,0.0610000000000001
a2cf6bc9-2baf-4ff7-bc0c-267104b6d179,2294.612584699884,3.044448808091182,107.75614625127128,100.1611150458507,24.996521734840904,5.871917714853462,187.434549146144,138.7010450769508,0.0610000000000004
5ead2d3c-28cf-45b4-80bb-517f787c323f,1994.459598455743,3.02145640632873,106.3345868283651,87.3852772869896,26.836253815076663,5.944740957288407,189.41846751677414,118.74871004896826,0.0610000000000002
205cadeb-9451-42c6-8aa0-70e053b96fc6,5775.5071120127695,2.080221494741237,47.74742242951683,68.00801853700905,8.93410463345038,3.8058961312511452,89.90788185533795,86.61351383388192,0.0610000000000002
94c42ee3-5858-4f12-8bf3-4a6c1ddabbb4,9962.046314854973,2.698681472505169,45.75309989681824,69.48310428379199,26.47605307353119,5.473864625997776,88.56350101166727,95.89263586967503,0.0609999999999999
aa1d0fd6-5e2e-4832-9565-3f6b32769e92,10041.619983592751,2.7186491621747475,46.33647792712646,69.63700878418032,27.118921745537577,5.53779262676062,91.01162659109737,95.06151246439899,0.0609999999999999
667ccd2c-9b5b-4a22-8411-90cbff82d9e2,9748.830410720153,2.8588418164317124,46.16401384034976,70.13173309554166,33.3904896449893,5.9520224922230485,92.3927689013832,98.40783656958472,0.0609999999999997
18cbdb71-2f67-4e74-8702-b88b142b1a49,9558.831618588221,2.85520727179683,48.85561667323421,72.39969365638692,30.63376654094327,5.860402048449368,93.3337928709111,101.0306526875666,0.0609999999999999
046ef719-e596-4bf3-a6d2-0efdc7461188,9628.303192385303,2.8511703963150667,47.35849070808691,71.66065032296507,32.71592319472331,5.854158275616601,92.98242044135058,99.65921953480922,0.0609999999999999
f667e2cd-1546-4a41-b21a-ef797d0a4a57,10573.20936045457,2.8019003257584054,49.08490045821108,71.94947211628364,28.85415322726189,5.743474569212917,95.00656259516559,100.6742270603982,0.0609999999999999
fbc599bf-8339-4657-a7ac-0e086d546b67,8798.22346073438,2.7953654766081604,47.882320915622735,76.68245456574265,26.622261853114164,5.5435386510371965,88.01183998257721,105.66089414763438,0.0609999999999995
8b516507-24cd-482b-8d16-8a57ab38fbb9,9713.270994364448,3.153029033247262,62.41855864707998,77.21004990226187,35.374462825128255,6.429015381970696,111.99017588829385,106.30109171111776,0.0609999999999999
5d5590a7-36d6-43ec-9055-94f1da1c36cf,8785.332760318055,3.150504546872787,62.96980704361072,81.39635320232547,34.53978936254704,6.425862327731401,110.9154731370432,112.3272132013199,0.0610000000000002
7f1e8c76-e15d-4af0-bf35-89ca627d3452,9405.806773276865,3.185083169486938,66.11824504189897,77.35694447848196,35.20176874268523,6.444373919648144,113.77422694593884,104.28861310471329,0.0609999999999999
26b6cff3-457d-4337-99cc-331955df85a0,6386.446073866108,3.3524799841171835,89.75275735021101,78.84695682582955,33.83781980220377,6.483789997038137,151.30316293946572,100.94668883326416,0.0610000000000002
79e47389-8820-44d7-b7c0-6e950b4f2cb7,5990.254704525904,3.3114092439996075,91.58051177462627,80.41517924568258,30.933554130392885,6.355378180685217,154.5069383145203,109.08171240139419,0.0609999999999997
d74de485-c6ab-45c5-96e9-f83f4196b7fb,5647.141950321528,3.2907218848950675,88.2162886373116,91.64905377133574,31.03372144453612,6.332503403957121,148.81178176154972,124.28243063130134,0.0610000000000002
a8f7f150-6b4a-4d84-81d8-6a09a2ae8f69,5357.255560061187,3.2843092096922186,93.04857078065092,86.29271683402905,30.57914433428098,6.245520064505703,157.5921809151659,113.02835098125587,0.0610000000000002
3aaa3f0d-ec85-4e13-9f07-68441460bc50,9446.649291276519,1.8394725897310302,15.163516316727973,51.823953159867216,12.518130234507538,3.7736739270272657,45.79862485059871,64.04579193917124,0.0610000000000008
bbb67396-abc1-42ac-85d2-30ad28fd17ea,9741.353657258784,1.7725610849395548,13.614169535857798,50.84361777573043,11.268164746964212,3.6331144512353575,43.00930331420289,62.89910264937908,0.0609999999999997
78560113-cf97-41ac-b047-8f39b6ae460c,9188.120221034686,2.072501257807301,17.313484087415695,52.97744525805787,16.083344401957355,4.168328636716547,46.20692085154568,65.06666787007009,0.0610000000000017
5ea7a8c1-23bf-49ec-94fc-da69d28234f4,9810.863038464915,1.8832318448623324,11.876220880824695,50.854245146838146,14.193520507600365,3.825311738771247,40.02313227331589,62.7906305736184,0.0609999999999995
6cc72a91-913e-4736-bd40-ca013a3e8295,9769.828514600873,1.9435703693647521,14.194104997748465,50.49961328204005,15.025485993260943,4.051268142689334,44.86525896118965,63.12509793863395,0.0610000000000002
2f1acd30-2a59-4ecf-83d6-e89931ac79b9,9551.00651924714,2.304484196661772,33.55589223090243,53.82280416159844,18.023860403896613,4.595140083342051,69.8382751917612,65.84663830093484,0.0610000000000004
ba506784-037d-46fb-84fd-bd7c55df4847,8546.895341148804,2.2788809910905186,36.47596816048235,62.06301127042781,16.578749123395312,4.561159955805324,76.19067901474278,84.66295518536631,0.0609999999999999
170c3371-8968-4128-962f-7d9b5ac27875,8695.112163402202,2.303142335816817,34.60761851653533,60.11855114845986,18.48356207954169,4.65488740901744,72.89759117834498,82.63691594694441,0.0609999999999997
7a4eeb50-e853-429b-87b8-c58c1da17c67,9446.720682972225,2.39824404306236,33.734054256377334,62.898125219746305,19.293620395850912,4.760219270241423,69.59766836179487,82.98960759942531,0.0609999999999999
b6887672-1f22-436f-83f5-6e7b747d4e1c,9525.792651291753,2.5458418154641747,38.30767345426936,61.105187710809616,21.647522057921122,5.09262053742753,75.94169536465843,78.49457444212892,0.0610000000000004
2b2a55db-60ec-49cd-93ca-27fa33037678,8495.147674642001,2.434978711681858,36.524854413158906,62.423846198554386,20.10893926633686,4.854569994084891,75.39546185422016,84.20890673092148,0.0610000000000002
ea1553c2-5c39-40ed-a770-03abe6f267ce,5758.5356681509,2.454394858491099,43.62420549362842,60.61865072529789,20.23267403227692,4.87959069154795,87.71583984253725,80.27009889636965,0.0610000000000008
559f9387-ec7e-4f4c-a9d9-d7fa83de59ca,8847.937032989728,2.578291464363175,48.402577288076714,56.50061503392506,21.095916239102866,5.112158792172088,90.33850518583859,73.3852718679235,0.0609999999999999
491227e2-47ad-445d-91d0-74c64324e7d7,6842.371672685979,2.338681151494012,40.339404762303836,66.06399238135938,17.825671468965766,4.668181074866773,83.56280349172033,91.8984160169257,0.0609999999999999
89cafbe6-859b-4c09-8326-7f78a2a35b40,4976.2539731526285,2.3619509259114344,43.33782797416986,59.93909962074378,17.77862455627136,4.7314082793522205,87.97498969670389,78.02925688974872,0.0610000000000002
77376e26-4b73-4547-bc89-7fc10dc9f8a1,6392.794029198819,2.568439909931617,51.941119906673066,66.98444950387753,19.568914001588784,5.010034909202325,98.44506072827372,89.84387757996176,0.0609999999999999
01436dbe-011a-4f2c-9c8c-ad0995d3deaa,5125.393954177143,2.4712392322844217,48.467478279252084,58.105432832660725,19.705722509263925,4.875773305298241,94.85331507651729,73.58444679998966,0.0610000000000004
b62b8713-0c07-435b-9587-bceb41783ca7,4195.6053560575965,1.6421620650359827,28.921160365096465,61.11671219481014,7.601462586072022,3.190720109155858,62.500017833904636,87.27386603655006,0.0610000000000001
3b572fc0-c712-45b6-a54b-a211f9a1e855,7252.956413375367,2.4978137761924155,60.34838441487336,62.723743815728135,14.712870168693264,4.697747977761277,108.0784983704095,81.6129769614981,0.0610000000000002
a25aebd5-1d5e-4a2d-a6d6-bed151114428,4923.912339377564,2.4039257609250884,58.015807982027354,72.79713194469646,12.951112208182675,4.47571690896771,104.57501468299326,101.4266137338522,0.0610000000000002
d7fdd9a8-1d80-4ab2-90c1-479a24ca098e,5269.018040200941,2.3053187651856892,53.5890072746444,65.71580035182107,13.373140452371539,4.407795208161351,100.10118427148053,89.35193757928869,0.0609999999999999
2fe63d5a-bf78-4bb2-a686-be1f39339798,5156.593906221983,1.9150274029939858,40.69955866150642,64.74905809583157,7.74839201094774,3.520688946887423,77.80686092790825,86.43169745060041,0.0609999999999999
d7f8522d-0158-4495-adb1-59ccdf051f06,4237.493343931982,2.4175681326432423,54.596627970638835,65.63264753373385,17.310417862769047,4.742318848187338,104.32952136294995,93.37035010819662,0.0609999999999999
4149f908-5895-43d6-9d44-703a5079ba00,4251.56447705327,2.6096964468370025,57.32534606655585,58.694989855666044,21.671741219385865,5.20351501917608,109.772539038124,73.42361901369146,0.0610000000000002
c452a8df-fb9d-4b2d-9bbf-7d9acfac3c64,4582.6390356921775,2.84771773765471,66.0360036809261,78.8948801086429,22.838777993096283,5.484770370515976,115.53527566122715,114.57086421855321,0.0610000000000004
460f06c0-b95e-4241-8a71-b501e838bc2b,4880.082401061379,2.7982530053046024,69.12600581506962,79.59118630340332,18.629303591741433,5.093671177272256,112.3981217701251,110.85214584776276,0.0609999999999993
b39e34f9-1029-4c25-8cf1-6296b79fc83a,3897.9217744422435,2.999432637635372,84.94692054956215,66.272349283626,26.594555596082163,5.910328255711068,151.60959766913598,81.97542474808142,0.0609999999999997
bdbd98c2-58aa-4bb0-a104-e10b74b644d7,3155.643883421416,2.948126156268886,82.17265372552467,76.31270655357172,25.827868122954033,5.900957228871605,147.79266258906742,107.8557035994944,0.0609999999999999
4d93adb7-e8af-4862-941b-ade9eea45e72,2397.5255101762314,2.7258741054613242,77.92960403761575,79.2789923837097,21.282272853231834,5.327869251917014,139.46865671587884,114.62909121973246,0.0610000000000004
3879122c-24b4-4286-9e3d-8259524ed42a,3036.4311083514776,2.9790939137940717,82.593795680566,83.76524365673373,25.54752947858882,5.80304638877791,142.53910308858318,121.34591148405467,0.0609999999999999
6ec38a2b-eb4a-41ea-b66f-05fff95cdbd6,9207.616602447344,1.8750643102025557,16.176893204187184,55.13086214964655,13.098305090393225,3.747187455705127,44.93812061166592,70.57729919185063,0.0610000000000002
e91a8a1f-defb-46cf-99d5-5811bd73963f,10832.385813629642,2.186834094740595,25.38212556657003,62.692449715683345,17.09063696506705,4.439472378102585,58.6015625019415,83.37750911850206,0.0610000000000004
3eb9384b-5a9d-4ade-ae62-a7c1be2558ba,9429.052457411039,2.062716053590718,21.99877562588839,56.85729504631602,15.48104729759446,4.173655520609901,54.27797025122168,73.48950083564057,0.0610000000000002
ff3b20c6-b531-40e3-ad06-01a9839661b7,9970.312069863598,2.0608634812586795,23.891996133764373,61.593877774861866,14.662032533027698,4.094561763556918,57.45512794933516,82.26003309925422,0.0609999999999999
f9a8bdb0-87ad-44a1-8750-8afb20b99747,6268.98861597858,3.0685308438568533,71.08203103107994,82.98984225220319,25.965113655117264,5.867372534330079,120.08259137500438,111.35486849141319,0.0610000000000001
4eb60dfb-095b-4be3-8253-45b92fc87274,7352.857953519836,2.968762477063012,71.73250005477414,84.32851549603515,23.247720404214526,5.669612985490421,120.35080702361878,112.94900061022832,0.0610000000000002
4bc6499a-d45a-4100-9e40-08df54b338bc,6934.949294319279,2.978362563503704,66.53846603201,87.5475914209002,25.747980260480997,5.854267353538007,118.61784091305128,123.15978907870651,0.0609999999999999
a7665d5b-a238-46ad-a349-e269d1e8c226,6903.571671177238,2.6125848157445475,61.44083325947397,81.3463795717424,15.406161637653312,4.881391649789674,104.99884470577719,109.4978277791183,0.0609999999999999
7acab961-836c-4b84-99d7-d58b988ad51c,6747.204518046493,2.6616333947847806,63.77447423494151,81.55956055331764,16.296411835630455,4.958578062294864,109.85082568028368,109.7685447534157,0.0609999999999997
ed976902-152f-416b-adea-46b5302bac36,6462.417028351454,2.928306734401309,70.20263537290955,85.82971266171371,22.323715520557684,5.5382013771149206,119.85094310369841,118.507144374056,0.0610000000000006
c704d1f4-814d-45dc-9d8c-735336b227a3,5649.868403457458,2.894626500589788,76.49150878644218,94.00165586800969,19.890844149927656,5.633828062122903,128.48088628563224,130.99810183445354,0.0609999999999998
fc739e37-5ca9-4c36-8da6-e50bef08d2a9,5551.76788746232,3.041373282961497,84.42292040928045,88.4436545151131,20.38927978983507,5.736354930654653,140.56352144496515,117.78546709215239,0.0610000000000002
89c23458-250b-4b10-8e94-8d499bdd5498,5765.374777228927,2.8969547732270398,74.92455181853293,89.44145828507148,20.182605574958583,5.556743442978724,129.0061838993671,124.66594213760037,0.0610000000000001
6c86624c-abec-490e-be37-360da0dcd20f,5110.604636617895,2.53299096934815,66.68370627893569,81.61496099236112,12.458473863451596,4.596978979000946,115.43388166615577,107.92892549198363,0.0609999999999997
44e63caa-fb51-44a2-b544-aef1dd698946,5987.402914830498,2.567041453547061,70.16604197359312,77.05267285900136,11.342788828559845,4.453754617653173,115.29341169166935,97.14652623137387,0.0610000000000002
864c741c-d150-4079-b123-52069dbeeb30,5343.9767782607305,2.755683840646951,70.13556656672333,77.95397804748296,18.838613041551106,5.149593151582775,120.21109045521423,103.77595468802839,0.0609999999999999
db7c1bcb-9538-4ef6-af7f-fd9eba7f0139,5292.688210963941,2.8776754778139875,79.28784008282625,82.22943804413688,20.336508848759138,5.5183618097447695,136.99159641411077,109.92727962104145,0.0610000000000001
2b7f70bc-cf60-4da4-9c52-4ed5b08cb0af,3217.1103603939882,3.2708076324162105,109.7586943478238,106.11173076998864,24.804243843832403,6.127483834651293,180.45010557366558,145.14024152102814,0.0609999999999998
10f71e6e-98d1-4f04-8381-4e7f9a582ee6,3420.4876031774625,3.144479652277381,98.26451783571264,107.66311116838637,25.542134240112226,6.056515153728473,160.5999993868937,152.31000409387931,0.0610000000000004
2a249c7e-6731-49f7-8ae3-67a6bb53fb71,4011.564094689398,3.331923351101554,110.67854332937662,98.78476953601893,23.365916211086937,6.1025148150742705,178.07457399871336,124.18253326505514,0.0609999999999997
bf6a13d1-20ae-41cd-acfc-3fd6ad892592,3088.2915303184363,2.5619072169393236,75.18263226669168,112.72884330572755,10.349508563667609,4.656703821520399,126.546659133868,162.0640737337494,0.0610000000000001
2b8d7290-83a4-49dd-bda8-8eb6f71410eb,3156.4883122850633,3.338378499276683,121.09497375199685,112.45888756009683,25.439056449962315,6.133331122674735,189.44563097874115,152.83445472146147,0.0609999999999999
6d33bb9e-d366-402f-a5a8-5b9c19aeda14,2657.6362100745805,3.1999459627020888,117.66543505832084,103.93425885778727,25.089324392072697,5.9798730921258985,193.58707820789718,140.33098171041576,0.0610000000000002
a1bb2370-76c6-48db-a018-98e3bb26cc6c,9322.793298439981,2.574743762362027,32.57116581760578,64.1535608024247,27.40223239546602,5.2906078505802965,71.6258637555047,86.52873355388934,0.0669999999999997
06f8054d-e9d1-4c6a-a16b-6200fd544c10,9459.002760283796,2.6419097499546855,34.804132945803715,64.46206270110099,28.740937491574392,5.433574647405229,75.66628610911015,87.4934233550653,0.0670000000000002
dceb788e-62e3-4b24-bddb-e1e3efcc7010,10775.423993642853,2.560009997618611,33.15839120223596,62.77415972353867,26.590647794713355,5.284005082817002,71.56711729256222,83.5399353508177,0.0669999999999995
dcd41b17-b669-4514-8e82-93305548c3a0,9406.173759791518,2.583295771869702,33.18556750615013,65.45701413517385,26.54182008321485,5.269403239047932,71.17637751702965,89.48807806713728,0.0670000000000002
dfd6cc53-b67f-44c3-8a77-97ba2d3f1bce,6187.219195154652,2.3832431619525387,51.20143800454949,70.15260599025952,13.871226128457316,4.4604376850131455,92.36209046986386,93.65088471805991,0.0669999999999999
762a040d-a259-4d69-9844-94150ab0e1ed,9364.942515423145,2.8602239539637346,57.70282585818477,71.93046037005374,28.536099899022922,5.871185817683144,108.29239031456837,102.88137823206019,0.0669999999999997
db76eae8-da8d-4001-8d67-9d50c99819a6,9226.219569605597,2.760952382432291,48.338031326572256,61.02382250033206,31.963908743857868,5.743477002036678,96.80741094343867,78.25930733230675,0.0669999999999999
23b9b837-159f-45de-b5bc-748959019e89,8250.482507266255,2.924932545089389,58.04865980897384,76.17735604391348,29.997889090737893,5.951024830899812,109.72922672614447,110.49404249367281,0.0670000000000004
0db70d1e-5497-4cea-b8c4-e1b100526016,5473.887060005878,2.857394178374971,67.563828280634,75.8145919984998,23.937721337100903,5.441666305121802,120.19383759675593,97.6499969358355,0.0670000000000002
4db51cbb-615e-463a-9850-9bccaa3325c7,5763.838331249452,3.032272221850166,74.34448764336189,78.8257747830689,28.139500930212307,6.053040373081136,131.21172458944804,106.6578260788869,0.0669999999999999
6ab3a8ff-956a-4a64-a439-6d2aa6461706,5079.5395611377935,3.1869960900146075,79.05181799237317,79.76026205789135,31.450321650622232,6.327514111611043,136.7166465868122,116.40652693109531,0.0670000000000002
f99fec61-1540-435d-abb0-ad2e9f347880,5554.325396495988,2.9196098633051784,72.26100540033019,71.91431242122155,27.617148856515406,5.792548546763022,129.22468433427215,91.67457085703793,0.0669999999999999
223def40-4905-4699-9354-7d96880c3974,5379.379520428236,2.659946539070546,90.93509376817592,75.00783648904866,10.755361493408266,4.602037768693487,141.43750658436994,93.75620733299571,0.0670000000000002
80b8fec0-f656-419f-bccb-0998a044b4e1,6304.202459417871,3.312260697002781,90.9645280941286,73.75244862188848,32.61272532032354,6.426256258846671,155.11859942775888,88.37107942381019,0.0669999999999995
ac6aad21-2318-48cf-a2d5-6ff48c1dc9af,6373.884082671827,3.2257620774081635,83.78404323381008,84.3402832068502,34.16243116039818,6.375534065770473,147.4956908038423,105.52474030073051,0.0670000000000004
877c21ea-833b-459d-b98c-beff651c2d12,6270.88527666565,3.279791222106485,89.45138438220181,78.69207259650278,32.165222753799725,6.381874475087271,155.26852726802124,96.44673779724536,0.0669999999999995
f93fc728-de04-49cd-bb21-24b9ef3f4620,4167.288280471342,2.606017680813877,96.27193155451064,78.08813795945593,8.993069641995495,4.470487156219806,150.25320421623613,91.24119933065305,0.067
37e236ae-9cd6-4e04-9f31-bb7c00142f2f,5429.91405860702,3.3332081926455985,100.98795777287333,81.47004172828798,31.591754376372627,6.362694137878043,163.69197679209952,93.8746121622554,0.0670000000000002
9fd0315d-0c9e-46ec-9548-c818337272d4,3716.7441986112353,3.287702697612757,111.88497092715288,100.40062352034556,23.441025532899285,6.056212713350093,179.2236469820554,139.00564734198713,0.0669999999999999
55341300-11e8-4ef7-80b8-8cf8fbc54acd,3876.4823825280682,3.4271550619828703,111.22235470352501,87.1817099082243,34.147820237967544,6.648000587283186,186.10172938229994,115.72558136163126,0.0669999999999999
71140f76-70ab-4870-b3c9-5f74b80272f6,10364.482607792661,2.431641637465755,25.5831627136649,61.81185354227372,20.257150690172587,4.920206941646974,58.411992600830345,78.25026877639314,0.0669999999999995
ca069d1b-5211-4b9b-b2c8-8aab251ff0d3,8546.603948047512,3.068007315416062,54.52899684711073,86.42450606087915,27.04796728540396,5.980563222050816,90.86317547240209,114.34910707933297,0.0669999999999999
eb8aec0b-d07d-4bf5-91e5-edfc4fff488b,8852.932275859579,3.1742510745142187,59.71632822713082,77.99020526490816,30.20675446464658,6.263260833208687,99.15161644686366,96.93732249166248,0.0669999999999999
967fd4fd-083c-4b39-a0c7-9dd119995cdc,8078.294114094112,2.9283703549874933,54.30297485910096,77.48982885192699,23.53613844635873,5.6758830916281395,97.55636406854168,97.1361136527687,0.0669999999999997
495268ac-17e3-4fed-ac7b-5c3b7c8f5126,8590.91718947818,3.1098401338096826,57.029675691228675,76.76345680382298,29.50439810349178,6.174245917572768,98.4167442838064,97.37686608686433,0.0669999999999999
e0c7ad92-dd11-4ada-a34c-bb3cf98d0f3a,7981.993030771279,3.0669642083812887,57.32922777962758,85.20311581282995,26.781012790374266,5.998590246189088,98.59805706876037,113.09013726240052,0.0669999999999999
88ded410-842e-4fc0-94f1-499f68f62fb8,7011.29311979908,2.78750080404339,54.67127123000694,75.12582646763022,21.26542628620442,5.44511278515813,97.47617931688877,95.89226846372608,0.0669999999999999
f4ae1e4e-8966-4931-b119-8e390bb55724,6242.002745492425,3.256083354859609,78.37575516707889,86.93638420049771,24.06156071686866,6.032459882210538,124.4273891980797,112.23260002674827,0.0670000000000001
86c4f33e-9fbf-41a5-a4d4-c7d8366b1fe3,6142.207149174159,3.070405877695865,74.01348996132751,90.49203996550283,20.607270704195926,5.962952020125091,121.49917306017726,120.12832112617858,0.0669999999999998
8e951d08-e6f0-43bf-a1dc-31eed5bea6c5,5156.931348139493,2.654440896175683,60.14908233136818,87.24437204320658,15.643609745949917,5.026886811893133,104.62358886347567,119.84058722637572,0.0670000000000002
91e95fbb-0a1b-49cb-aea9-812d8802b36f,6588.581884400114,3.1075497385849937,75.55710782601389,81.5815223530861,21.550366100732113,5.746966614484617,119.8695900607875,100.05553591450956,0.0669999999999999
b6d48086-3fca-4523-a362-5fd2fafe9af5,6866.760837603766,3.1589329831144863,74.55497277062585,83.71789859518589,23.216448107014585,5.9554399703193575,119.30108596240657,101.01926336835024,0.0670000000000002
77e23cd0-364a-4071-8377-81ffebfbafe8,5856.487355293233,3.099268679224737,74.42550795407426,87.48296490311016,21.840985709255094,5.893735389173126,121.3144205398029,114.35095196217667,0.0670000000000003
e8688d9a-0af8-4481-af88-b67708bbf6b2,6857.667677634327,3.212058907432057,74.38029965046378,91.15697331202938,23.771440861417926,6.147764841672921,120.99014033955305,118.91665457800156,0.0669999999999997
b8e8e782-a1da-466d-8457-27d261d7a919,5463.5405495593795,3.3608833933542788,89.55389999304307,97.84556904398214,22.85951386192122,6.2196288368353185,139.42099017692252,125.75994473801286,0.0669999999999999
d7080c73-1e15-45fb-9636-79ea9fc439f4,7117.344647177775,3.4090490452911717,90.88378009694053,85.7018732664331,28.715246450894742,6.5431847157828855,148.7267548582459,96.20942970052927,0.0670000000000004
c30c3fe0-b9af-4a0c-a026-8ebec1481e32,4115.53326559306,3.5377621787675233,102.60619142423785,102.10184920301414,27.65257635309937,6.674384111042073,160.6228358248267,132.73991079912543,0.0669999999999997
0cd3e601-f283-41f9-b53a-7836482e7aa1,5167.252668994778,3.3617325673159586,90.36517253709569,93.39356931313606,25.617166498681563,6.356994628173462,149.01250854135324,119.01833411215185,0.0670000000000006
f76cd753-02bf-4a46-81ff-8c71bb56a120,5012.714098822091,3.225917253006594,87.38610871566448,105.08986635846253,19.269403305524193,5.832556302724119,135.15151661216441,142.70699717468892,0.0669999999999999
f0dc4061-86b1-4433-be8e-59da36e77308,5103.256876236779,3.469826725769067,94.99519126685908,95.88033903255253,25.48856248307415,6.387130503085891,147.50518402095125,119.20842464148119,0.0670000000000002
b3289e23-5efe-4fd5-9f2c-1231bf9de538,4993.359214128881,3.793690692343573,117.84719938993054,93.50045139898216,35.45412483877578,7.164810760997342,183.67609543185947,104.79112063822302,0.0670000000000002
fe3a1ae7-2ba3-4181-9476-8e1de59cd29e,4837.018955630763,4.134148774003618,124.06076923519268,99.89619476519293,44.435650878298844,7.959097476850566,192.17157294686518,116.98372535975889,0.0670000000000006
54cc812c-71c9-4f0f-a031-a05b54407cf2,2451.056013431523,3.5482880828803887,122.82854647071161,102.64740850338232,33.480625753265,6.912453313751245,202.63690290023322,134.01823873244837,0.0670000000000006
e880378e-9e40-400e-850b-d9dec4b015b3,3029.306783245645,3.397495381433308,122.84829731423069,97.53965464295325,27.711808922819273,6.406488884991514,199.05246339148678,118.252638402158,0.0670000000000004
20c008c3-2215-492b-a00c-1cdf2bba7032,4345.778224822688,3.9316240662257704,123.94120816513527,101.50620614842282,39.38311428550145,7.532971095851661,194.7902861024214,120.68383873562102,0.0670000000000011
7f49a623-084e-4d6f-ba8d-066245df8cd2,10316.59498970339,2.218065661054737,22.399963593032354,62.282138642917324,17.233647054751938,4.441967204068777,53.599069635266744,77.83159421368856,0.0669999999999999
4aff5ba7-0ee4-4c57-84cb-16e5c9a2026b,7432.286279450015,3.054420125000803,64.44210677207174,74.99685801134689,25.219080826261067,5.7504039855222215,107.61929006635414,89.34496736121173,0.0670000000000004
95876682-d891-4f8c-b902-67b8682e96ca,7788.340153221917,2.8992355796536375,59.71914156525585,78.82541131074703,20.889514221403473,5.4168050605314635,102.67743812957559,98.24328957256222,0.0669999999999997
263279fd-49c2-48a4-9b11-daaac0ef68b1,5895.5191364052225,2.834097629366075,58.64719262577165,90.52426585516922,19.18191682819817,5.374183434478786,97.41065132504663,124.87420988021339,0.0669999999999998
23652c18-a3ce-4963-b1fa-562453bea92b,5565.462740896441,1.4909436363577548,28.613556421971918,52.77386262055304,4.429204228107124,2.910404824064409,68.16789162684267,58.207400685004956,0.0670000000000002
ba7decbb-a3e6-4f9a-85b0-8ed8c4caa501,7238.049153995652,1.2097438158937335,17.79227485791441,42.551025908173564,3.4859583107809726,2.4261366708886274,51.14953955569693,41.90224710710473,0.0670000000000004
f48eea87-e3b6-4451-bf6f-14335b65061b,7579.198643440512,2.9831339909844807,58.24794435610595,86.44155636424149,23.405753129175274,5.662062366765241,99.4629489956631,112.21380225081755,0.0670000000000002
71ee2300-f1d0-44ce-8e56-c919d7b773ca,8790.265596472289,2.4970412574056833,45.59367956247199,70.99006286555516,15.451160302193635,4.711637317854898,83.65933906730707,90.65693623820752,0.0669999999999997
02fe4056-4d61-4f86-863d-0e4614466ba3,7491.555131807692,2.6978618224066917,53.39162766880098,79.26169739138795,17.652937899968904,5.133037095233756,92.70990568014972,101.5505862345144,0.0670000000000003
51df82b4-70b5-45b0-adb3-a073f2c3e7c7,6033.146167843054,2.972988387352136,64.28508751388846,97.4606764087215,18.42463734625551,5.397490299588906,100.34880167974376,132.4753512971606,0.0669999999999999
bcd96b77-ec44-4cdc-8054-26bb619c57e1,5375.375942107457,2.164208771587969,46.2357225750934,83.89936647069149,10.172836921803937,3.994916593811901,81.88129085994547,116.90992768287765,0.0669999999999998
ae0ba863-329e-47d1-a47a-972d535b7652,5931.596226306656,2.7454068308132733,64.63470623171175,74.81371072872321,17.483765558679526,5.136621978853429,112.19678480022644,93.64751108662755,0.0669999999999997
31106ff1-efa7-4bb5-8531-97d19f04de65,6042.808847567403,2.283707906199095,56.37449206372365,70.52189157796651,8.918292498706688,4.201433117640637,100.79016991458515,85.53009762853922,0.0670000000000003
81a5bc84-7c43-4d11-9614-aa8754ae85b1,6767.963737796887,2.894807571431245,65.60856910503267,88.35255835567077,16.504259578824946,5.171862889043152,99.0138306039606,112.64960204546138,0.0669999999999995
ae807e2c-d76e-46b9-b941-d27d08544e62,6217.045095720712,3.0959783670770094,74.04224092460467,87.79832368395188,20.32835441280203,5.597986220887714,118.90742308719719,113.72210857694604,0.0669999999999999
b90f5ff5-b2cb-4531-8f34-ac812e86d988,5182.667144870896,2.2037855920718044,52.27475823728063,81.43226770055847,8.040604563364163,3.9954814568539896,94.17518630140444,107.19340843352859,0.0670000000000002
948db47a-3142-403b-ab41-1b1a02f773cf,6496.852087270044,3.057218952066865,76.02329728142401,79.98459183651096,21.467451345928684,5.658069425122568,122.49305904925819,98.09895454747085,0.0669999999999997
9ccf9715-cc19-4cc6-aab8-ae69991d8edb,6099.928324281593,3.0454801129257305,70.91626805024164,96.55430164246982,17.72592592086475,5.333404534598902,109.48677129262077,127.11819104384797,0.0669999999999999
aaf1a57b-9740-4f35-b205-02c9bd6bb69b,3894.65601757226,3.2382608009933223,90.89232405040424,111.35531889898482,19.25110698266857,5.830598422683167,140.6725958712517,150.32580447676446,0.0669999999999999
9f89738d-a8a0-4a0c-b7a0-ce30327fa0df,5488.362783819288,3.2246199240176434,91.94013961335969,90.87194604797912,20.011113882612232,5.89767261333532,148.08595431477,107.57692140447335,0.0669999999999998
b2e7a90c-e309-4ae4-8118-997c66cb919e,5074.7891875309115,3.1369924271374674,98.01786834342343,82.5977317907082,21.375089305565403,6.043163313378997,163.26806239617378,96.21436661103155,0.0669999999999998
bb96f6f8-498a-4994-9008-967db85e054f,4758.39702357059,2.767228469086245,72.58981470901489,105.33622519069151,10.754445161084348,4.936736917196506,118.03234745517747,139.40281812945628,0.0670000000000002
93f4669a-8f1d-4a84-8e70-2c44bf565055,4209.386525645112,3.659024848333068,115.38904189221805,93.81187561560397,31.130535281677982,6.807115132218328,184.83123918248447,107.3851804560739,0.0670000000000002
85965b86-1adb-42cb-8603-1dae57f5d73d,3384.324996635839,3.46693009927045,110.23751590101924,108.86637402368655,26.476999230983594,6.51186739215721,177.92899039360657,143.90376692717652,0.0669999999999999
446c296c-d6bf-4073-8cf6-0f5087d16573,2872.6697369809563,1.9467104988241812,63.931131262994136,90.14698723574746,6.359146910401522,3.406337449955298,109.16142491092694,123.3235971405435,0.0670000000000002
5404be9c-1027-4f30-8f83-47da33be7f08,2687.8166197924265,2.654694075315905,77.25482982625354,109.62422472783022,15.129455883146392,4.796793048904437,125.59323622886386,154.15966378356822,0.0670000000000002
89947369-b354-4f95-8fe1-ad0ea17d5cf1,3035.1912018832036,3.1931471157356284,106.85385181174688,101.85214148583347,22.406969602603205,5.858954708978632,169.72268891417016,127.901949849184,0.0669999999999999
f5d26b66-e47b-4ad4-8f84-222bcc577f25,3342.148058569517,3.5320356315802677,113.81594089715428,106.61085657928729,28.299076178160387,6.484959302658882,182.50555750656542,128.05103218314028,0.0669999999999999
3e8f81a6-724c-431a-a914-838436a976d3,2458.4880157503394,2.152549908242913,69.94358285891869,96.54024724945242,7.366005672162121,3.803618153549041,115.160813087267,137.4743565561643,0.0669999999999999
d30ea4d6-c47b-4538-8210-13fad38aa6ba,5242.290296049507,4.003654999428038,117.95990046426024,100.62018891156882,49.323920026657866,7.886774590555644,189.5472231819094,121.69117683751688,0.0669999999999999
fe3b4167-144f-4bd2-ac65-fb6417e021be,8230.081306560316,2.3702816774980366,33.60168645630995,61.59648552926444,18.655211709637232,4.7580529793065836,69.01700369088876,74.8723804389623,0.0670000000000002
ba16c40f-17de-4201-b87a-bf3b74ca72da,7228.186349076271,2.106958586602493,26.144823354537987,58.96902504029987,14.733975324150181,4.153601585178559,58.761704468152125,72.98495035091409,0.0670000000000002
68823c62-5812-4de4-adc3-05ba88f5e476,8850.319365121562,2.350040707620007,32.93413426533942,59.43724358088243,17.689408527592157,4.64299824873266,69.31451072817872,71.75915389815927,0.0669999999999999
4c6be0ce-9e5f-4158-8ca5-0b6728f630ea,8403.491252866901,2.3859581822140683,33.296281325878915,65.54071272863673,17.627528086427727,4.679975999830298,69.65128213319863,85.24609561601673,0.0670000000000002
0bb3dcff-256d-4050-a3b9-cf0288787932,8073.804110637332,2.516958795201852,41.19677504137793,63.48345675690102,20.051947422341478,4.9714319694899265,82.31675208936764,79.63087420901229,0.0669999999999997
546120a1-df4d-4949-853d-683442460ab8,4583.786354998039,2.5678328046250125,50.7400104220516,63.17996031752199,21.116435775632127,5.089311966174063,98.08981123354741,79.26062164750981,0.0670000000000002
d92c5923-bed7-447b-9d5e-6d45400facfd,7118.245660615643,2.6450451100629726,53.949144979107615,63.76733300620536,20.87919551216249,5.181905090242988,100.66213180619087,77.56760869443079,0.0669999999999999
faa09ece-ac8d-4255-9d62-3d31ea13f800,8314.08780952784,2.5381096239804743,48.367457828875445,67.55222431400394,18.219220371522034,4.993857143310013,91.029851896402,87.88946753602015,0.0670000000000002
e0e52ef3-0e3f-4a9d-bf77-3f35e1b5826d,7814.887754395489,2.5272660833698817,50.042703210109906,78.27868461509004,15.079816437018167,4.706993437830759,84.39019013885243,103.91386271580839,0.0669999999999997
ae374ba0-e9fd-43c1-9541-dffec0b9ee62,6413.9778251733605,2.384531161136092,47.56764768586968,80.69648807191923,13.89976135098794,4.504038397056202,80.76662728823807,113.9789315265523,0.0669999999999999
74cd5d4f-3acb-45d3-83d3-4a3dc380d9e7,8139.797189802015,2.604923365805218,47.82368384271635,70.23014856716802,18.46302415469598,5.049800429158092,88.26068079523817,88.97997598266932,0.0670000000000002
4afbf286-23c3-4a87-97f2-a438df4da97e,8105.4048457528415,2.556876814095044,49.82698007608733,62.429792883870334,18.639268142261873,4.996107790828986,95.19339051661944,74.61893657264447,0.0669999999999997
c756192d-6b04-4073-8ab8-fa1ed21f360e,5843.647017547761,2.02153551356394,36.77453949747626,69.53371267502872,9.177406559944176,3.714712184747913,69.38874886327484,90.44544201968974,0.0670000000000002
9a5dc9f1-2283-485f-8021-ab5061bafff4,6143.861412603706,3.010132353535847,67.83116688649274,74.52851788462611,27.356027805570026,5.975301443847703,121.67154629182946,93.88102031449819,0.0669999999999999
059ed639-f505-41a4-a4e6-343ddeea48cc,5780.009969972469,2.940179162523725,68.62550540448645,72.03368433620592,23.959938219921376,5.780369460444581,121.40687212426099,88.72151812919229,0.0670000000000002
e5241eea-cd1f-46da-ba58-a08498f9f286,6391.6796595106825,2.9879775708204344,66.84416654250796,72.39067803670103,25.96226722735501,5.872377038597225,115.62824771463079,91.29819617266008,0.0669999999999997
2bea16cb-c390-4a93-b213-b1e32078f09c,6014.402776131349,2.908651297513209,68.11236615395376,67.60140068824587,23.734566714159474,5.701084146547928,123.3609614858093,80.90217368874801,0.0669999999999999
7ab9617c-aa84-466e-b4d8-b1b821e38cb2,6030.227285683924,2.7921522277995834,67.4947490130585,77.75127062892781,18.189466072338,5.2419180712518525,113.9077503811503,99.5602430396231,0.0669999999999999
0be6b701-ada4-4095-a7ef-251984472e23,5465.36543194331,3.0330784636540375,70.0034499544193,80.68260231792247,23.426856892081275,5.757703567390587,115.8729988881312,105.7597563917997,0.0669999999999999
77445e2b-f87e-41cc-9635-df71d2969c7b,6008.269895534538,2.8763688796932407,68.13497557886424,67.44222144181282,22.05037483250027,5.5541056336494865,122.61023044150791,79.68904259846562,0.0669999999999999
43918ed1-c374-4385-9764-101322c6d741,4720.80796894793,2.937081021779637,73.9326712917762,86.60117765381887,22.123783692321975,5.6575580555617835,131.07310332658113,114.90238107706132,0.0670000000000004
8c6f7351-f8d0-4d1a-9bcd-24989f90a0f4,5226.219535270016,3.0763934250684857,81.5035247785437,76.37503536161384,24.438794720426916,5.918728182057145,141.58698160037756,91.95913704471093,0.0669999999999999
d63490ea-61c4-43a8-abfd-0cfcd2f61e6e,5321.024207342617,2.9397015019754345,71.77273216324265,67.50662277725911,26.99363585080744,5.887505503288173,134.10253939082253,77.6444491193952,0.0669999999999995
642530c2-c67d-48e8-8f90-fe3f26542571,4590.240383631567,3.0008720108374147,67.18193107112404,72.71374775719754,28.497436668601463,6.009647849761898,123.68628602939276,93.91154489544513,0.0669999999999999
c2d0f34b-570f-433d-a098-eca71fb963a4,5225.81051632906,3.040212819296742,74.60679174124131,90.89911600524205,23.56124511952776,5.847228161192452,129.99104141863586,121.84302500436048,0.0670000000000002
17d4f07a-bcdb-421e-acaf-fb9106737094,4817.876731024827,3.0280907518263094,76.02111493448015,84.4898824690219,22.18661417710235,5.582811698459735,128.14422780876743,109.44687497267489,0.0669999999999995
f24f9ed1-0863-405c-a7e6-92af07d14c69,2630.213185793587,2.8799301070147925,76.04297787446188,78.2192496783646,23.185011860123204,5.537650885427633,137.7387095680005,101.08534153039709,0.0670000000000002
2d6d8104-a1de-498f-86ad-1818aa3d33eb,5010.0008929697615,3.0266398939082952,68.79652694925939,86.3333731550417,25.89602100507832,5.893800687868476,121.7610006285308,120.22006225411337,0.0670000000000002
2c88307d-6ee9-44b0-99ce-4b4508e77056,3875.5070447737767,2.850363046812926,76.01599387228799,76.20778615462088,20.802181498291315,5.467013189962903,135.02369482585172,97.12266680100531,0.0670000000000002
ea3f0104-df52-4ba6-b299-a4633652a79a,4009.600535206135,2.770472734726742,73.08076279517206,85.32872690799942,17.243075689362403,5.205158200231513,130.20615179556836,112.08914958043779,0.0670000000000002
36d82e03-0870-4386-ae32-0b8a1eb736c3,2130.0671004008454,2.6579918820459727,72.12282175466297,85.47248054893156,20.582544963573564,5.230575705780524,132.65903858976267,121.53560443738999,0.0669999999999999
b11855c6-1ec9-46e0-8487-68fb8afad480,4232.108373639209,2.9614900792269307,76.87994453834705,88.39348410112233,21.970711469349382,5.695426168155626,136.34314727169325,117.73222824188956,0.0670000000000002
5f2b6aae-b3ed-46c1-af09-58c3865750b0,9373.33428839551,2.61234530983081,54.51124505478141,56.21141930273079,19.096541133966603,5.0451128233622065,99.13191787628884,65.08213976331221,0.0670000000000002
1c48ca77-fdb9-4fe7-8051-5660327ca78d,8648.407478324112,2.636390955495647,56.127391319717375,53.6239756104907,20.787703742566823,5.166750839642897,103.04144130627745,62.27513694258079,0.0669999999999999
5e5b23b3-051d-44a0-b3ca-867a899e2e82,8956.054791133263,2.6218230602096058,54.82949498853225,55.589849687433954,19.515740591238718,5.077960608213269,100.36769969453593,64.79536231944024,0.0670000000000002
095ecddb-c538-4ef5-906b-47cd0e119d9e,8742.061825156547,2.644800467504189,56.41201527800329,56.753787632342146,19.72777396839558,5.109031540519968,103.26300316849228,67.09416733810205,0.0669999999999997
02c39c55-543c-43ee-b8eb-bdc9adf8396c,8049.97856018821,2.640794080714386,58.271033992828464,57.29675467395701,19.464059090514617,5.121213519385556,106.84717901927264,67.91499344183418,0.0669999999999999
af139760-ef70-463c-8a33-98b86fb771e0,7264.968783906851,2.65048740534365,58.35054861108982,59.1422493556239,19.81849149546863,5.133289872946694,107.50230930347298,70.16019714919331,0.0669999999999999
eb5db723-9537-4885-9176-036692d9d41b,9050.874025807043,2.4687608605958857,52.01346007853791,53.456233041625964,16.872038858079502,4.797099971867258,96.77353258998575,60.4418159603689,0.0670000000000002
4257970d-18ec-48bc-8dc1-398c77ac481b,6046.598232540183,2.5214492124590504,59.21335693134997,77.00680113039164,12.972346367661876,4.64288364470032,103.41934478783553,95.75585487427283,0.0670000000000002
0c52f92e-c904-4c4d-aa33-f28818a016ba,5567.348674974313,2.9501194228563046,76.32069600066782,85.21459590241014,19.3635033797255,5.6203413368438415,127.88463534384117,111.5044543857334,0.0670000000000003
d9a6ee7e-28bb-42e9-9d20-a100f691a511,5815.242653352454,2.9443277728049346,76.2758147495134,77.27074556986796,19.97582491705161,5.513044960109106,128.13366638036615,95.61147403434774,0.0670000000000002
e9c9b116-fdf4-42b0-8f80-0801006634d9,5240.684795253479,2.931482709564151,73.93473190169337,91.61378785727017,18.78853272131724,5.511063839298687,122.71930021071604,125.43160591351963,0.0670000000000002
aa2f39f8-b995-426a-8598-2fc405bb43f0,5624.10805795657,2.9463072288796557,71.88253481122086,92.34702708154855,18.172105451623988,5.47057237376321,121.9819289476821,123.43716036629127,0.0670000000000002
e968e0b5-cedc-4047-8d2b-1eaa1aa8018e,6338.612563987557,2.9070627069117707,73.53240457386292,80.4373187598283,18.04711745196387,5.2873389526235455,121.58802974640824,98.05714090750573,0.0669999999999998
defdbe29-ad35-42a9-8d60-d05b3588a5c0,5824.266278753433,2.941296579541343,71.4218706904596,94.1056746033807,18.650344338255692,5.559230522134465,119.77097781954664,127.10951071578482,0.0670000000000002
9c8ff667-f7e6-4d81-9195-b58b000a6ba5,6095.056916134763,2.793241712907404,65.82658307988793,78.48237442690721,17.546207699620023,5.176752349926905,111.69373663095993,97.69368801267456,0.0670000000000002
3a99ca44-e5b7-4cd1-9c46-1af5bde3b4be,6081.238229298855,2.877666757648965,68.28716592025232,87.54590554238119,19.444987262295268,5.506932894120483,116.95051299682032,115.86973553508719,0.0670000000000004
1a9fe392-de5c-4fcd-a461-e084c8fcf53c,3159.626867358569,3.23761856326237,112.28629153762711,93.78756927758421,22.552681766246327,5.962965522150583,182.8415194947677,113.96407454231479,0.0669999999999995
fab51c81-34a1-45bd-93fc-1563b785950c,5086.266757865518,3.2013531846217798,105.9453898513368,79.2286663699872,20.406881217833874,5.7588867083734865,166.59466411182953,86.13204603569392,0.0670000000000004
d74de943-6286-41d1-b9a4-c947524fbc42,3528.6440655781503,3.365669763177351,114.48781066103862,88.25880230856103,25.396868318942907,6.250425711844955,181.4095766393353,104.66929467833538,0.0669999999999997
ef7421b7-a9f0-46e8-ab4b-2ff58f5ff80d,3590.8042693439606,3.3037784013730995,106.95038490092915,82.11129266128525,26.695354106799872,6.286444402269216,175.56156847428994,100.83746379521834,0.0670000000000002
ca711898-25f6-43bc-8e13-f0cc941a6421,3656.245019761948,2.942098099868046,105.15525331154723,89.31222206241792,16.625020030784462,5.405312473119824,171.56637918922544,110.15888503038511,0.0670000000000002
73ae8801-ec94-43fe-be3a-74ac6857dc88,3398.3700052394647,3.54040196896217,117.2951867448942,82.90391087026016,36.98245217451021,7.0773980682871755,202.38360594878816,98.71641683683535,0.0669999999999995
01d4c168-c43c-4064-951b-205ae8318275,2833.28806591492,3.169850793057963,115.82051085231805,91.70726251329435,22.93294339565006,5.908632601253366,188.07968846401423,106.35146540538108,0.0670000000000002
a6c03632-c3b2-4a9f-bf46-02a759b68c5c,2640.6141028795823,3.1260041343726908,112.11588860191087,89.21321817757976,29.007581558221524,6.162618893373817,196.95006256987634,103.908795947474,0.0669999999999999
c9db22b2-8717-42f9-8003-8dbc622133f4,3171.3141988770853,3.3263111359417574,111.68008313388509,87.76256933430109,28.90973290623271,6.37851558288471,193.60570697335237,102.74172292483938,0.0670000000000006
35d467b0-2ff3-4436-8fc5-24855cb78923,3121.342768328029,3.390888760307192,117.19999797719566,91.91499192239651,30.782995062818223,6.481059523099916,197.14437303002927,108.64871615613802,0.0670000000000002
8d329a02-f014-4e64-805b-bf2cb3f0666c,1878.2291063521286,2.9936063872598213,101.40293199160102,91.27057846595007,27.55215659872633,5.905019711552973,179.2505013783283,118.97562523293263,0.0669999999999999
7c0af9ef-6354-455b-adf7-8ca09ceb8054,2597.688085540253,3.129535547826062,102.8690005225888,107.20691611252091,22.37335165777552,5.815699906055674,174.060595534689,139.85903485696122,0.0669999999999997
e8889e10-017e-4dcf-bca9-03bca5c34b3b,2223.408148690503,3.327357681002227,106.8932832104451,97.65522492040647,34.18518892449765,6.596667668659128,186.9035473919836,122.82025964815662,0.0670000000000002
631f907e-9d44-4f50-82d1-eb73cb6c785c,10232.308656496143,2.6253264664997746,31.630353858101884,67.16535383471835,27.019383231427984,5.393718269021844,69.00815098561615,88.2627980547133,0.0669999999999988
f570b1a4-8eef-43ee-8537-f2d47d5107b1,10135.400999147596,2.8214030045164415,47.83656739668323,75.85498333222522,29.045741811972285,5.769848137550887,85.45222220731728,104.81615436264603,0.0669999999999997
57321322-913a-4d06-bb90-4d07a6501146,10038.806541281141,2.689216917492239,37.34085871200165,68.78601287301012,26.315511895821754,5.436108513951425,75.68880029784343,88.55864859352343,0.0670000000000002
80cc07a7-a03c-4bd9-bc13-4ac9e8f5dfd9,10146.892606057008,2.672166755871239,46.77229658598501,65.17824880269356,27.054348235517143,5.3888751909187045,86.3664646163952,94.93519475924293,0.0670000000000006
c4eecf2e-6fe4-4f76-8407-fc9308bc4012,10610.768765111958,2.5051620334470144,33.10992166033814,66.09676747478868,23.09210266913381,5.093492162325968,71.77981290177763,85.46917049938139,0.0669999999999993
d39ad0eb-5271-4e1c-ab6f-8be1af7fe306,10025.484911309832,2.6439071947659802,36.131367015753625,62.58491363864352,27.134096994693486,5.378226773210358,75.83521754718254,77.27911245645345,0.0669999999999995
609a788f-e091-44e1-bb86-0541fc465cf6,9208.413226958275,2.573170171711013,40.15240057322211,71.17700074685257,21.26452654139368,5.149274754929302,78.58690726747703,94.36586088252773,0.0669999999999999
dd21cfa8-0ba1-4d1d-a4a1-60593b5d681d,6184.426769560653,3.2422230027457224,84.2366190493635,89.06786474791446,25.996340126932587,6.100640449732966,134.16281680727295,118.24052417664424,0.0669999999999999
82f13559-4687-4e96-ba5a-fea4c6225d3d,6731.392258925471,3.3865796929159457,85.4927545247098,84.11022253785595,34.826199276813476,6.664562307761965,138.97548373929467,116.48574899653845,0.0669999999999999
61e0bdf5-bd35-4803-90ef-f713cbc72ed2,8214.507015816533,3.221575382388243,70.3078116112209,81.95064346297038,33.8250789930276,6.579370507968976,123.85662413296072,106.36190823268312,0.0670000000000002
a015b805-47cf-4e9b-956a-e3bb9c2e9d10,6345.158151316703,3.242212856211531,83.87573110342564,80.880098125384,27.07838940600464,6.096006688555516,137.63124826854136,97.51804538399199,0.0669999999999999
ebfec1d1-8692-4df7-b698-c852e5913e4d,6637.938021393828,3.173600253378551,75.15838247093816,88.95926239897275,23.85737622326401,5.930477386717246,122.04427203099347,114.68791848541547,0.0670000000000002
91009fba-c761-4d5b-9d48-f5d363a94ba8,8552.710438221025,3.3272619658194356,73.54119350215139,88.93580533782098,33.881484353398484,6.53984853626124,124.03495644945119,114.81472355672592,0.0669999999999997
ea9b782b-4ad2-42af-9796-38e623172e13,4988.767660806807,2.7257653859296043,71.26431308969835,70.85705027695357,22.887224676960297,5.395678631425033,132.97633545499227,79.04878824139571,0.0670000000000002
61293000-f30f-4a6d-9bfd-8c950f1bfdb2,3256.6380992214345,2.533715810012794,73.88511912195163,81.66607745964728,17.786367607327847,4.91733149101105,139.26665787024945,94.25907020683317,0.0670000000000002
2188f465-1338-436c-8e54-6f806410a82a,4843.372384669886,3.8162068380716496,105.7970373685919,117.05579330659258,38.361509943354015,7.3780815751261635,163.29408275954975,161.0478707450826,0.0670000000000002
36285ab2-b292-4faf-ab6c-8838df270db0,5130.499075170188,3.7314841744064027,109.50470752246893,100.40516698584271,38.81795703171255,7.286844179633055,181.24363174802133,131.74842106653122,0.0669999999999997
8b9bb5d9-8b0a-4a78-aca1-966eaf6ecf3e,3636.28911938896,3.891392336424417,127.86282012862199,103.32344190488126,42.91780557538746,7.629577137569254,208.50983798547333,131.03133880894342,0.0669999999999997
509e3df1-ef04-4e30-bb83-e090cce0cc55,8578.065194670791,2.1168914107327756,26.057913212909753,63.23090934249156,14.50161898124482,4.163921195414607,61.133550970119806,82.56981108250226,0.0670000000000002
f3748217-b8d2-4813-8603-6a7628d65486,10016.085521363597,2.1296722485866013,24.95732407248044,57.55704506249119,16.15995976044145,4.314463445309775,59.39255812504475,70.24629193330863,0.0669999999999997
930a71d5-c655-44ff-b288-e0c53999aaa9,8980.130477783456,2.1312571485203127,26.71439622872522,60.57738039972977,16.31546558953268,4.30047123437109,62.4810304414124,76.36340507022032,0.0669999999999999
8f01b757-8853-4a3e-8d0c-2e0438afaa08,8959.0977783159,2.03516389072135,21.793609773017945,62.706945467117954,14.534939323626014,4.057605165211636,54.40947598001336,82.21621540083316,0.0669999999999999
74701d69-e542-489b-8ddd-c21abed7f4e8,5993.921243295294,1.5880856071812712,16.792689627371857,60.835578540849625,8.299849972646511,3.0838552807256274,46.17597883469003,75.5066264360654,0.0670000000000002
a27e2e3a-c2c8-444f-b053-8708242a80c0,2133.930242661218,1.3926275158669976,10.852203129728958,59.67098449556371,7.731013277821633,2.818502374529226,40.10240538356311,81.11053704774191,0.0670000000000002
efa1ee87-2156-4927-acef-fa67519b6abb,7636.638158778865,2.0886306570889124,32.8819469467111,63.36899052216139,12.749290829655994,4.123730016582758,71.27793618145257,80.9076029826153,0.0669999999999999
42acd005-a6ea-484a-b5f2-735a1c8becc8,7959.0658670127905,2.1304021864150458,31.282050275387313,66.70389596681333,13.211162717608905,4.185224114909413,67.57962638025707,87.15211270699888,0.0669999999999997
cc23ff06-66a3-4572-a9cd-0232b6f7bb29,6035.469987225437,1.964624608388225,34.79329006637696,66.17010040011048,10.697281716710673,3.792271264112953,68.72493496530187,92.49077428341172,0.0669999999999997
6afa65fd-2c72-4e64-810d-a9b3cc7b3ecd,5588.591695332112,1.3470775064832623,18.66129164209507,52.84042360723967,3.247420612514616,2.59371874507862,48.24101396486514,67.74254670357324,0.0670000000000001
9e011b36-9a79-48f3-a12f-fa10e0f08feb,9025.094648820806,2.255494825141054,31.916615423181558,59.33867057286469,16.821718916972124,4.433740460193634,69.75645509922347,72.13393484189143,0.0670000000000002
da0318ed-4557-481e-9b98-7b5b67070a1b,5119.670519857323,1.9476323434314082,24.27446259294997,72.1466049234937,11.423983193759952,3.848593117308595,56.862116626612774,100.30669753297838,0.0669999999999999
52974ade-186d-4276-b795-c2747ae4ebcd,7300.09839288246,2.111773956895052,28.748406343588666,68.79896197723198,13.514677250817886,4.214958059327102,65.38981784617091,93.18858644478543,0.0669999999999999
9419f134-2816-4222-838c-5289ccd5b8e3,6194.091760450222,2.2316968292273978,39.30623920658512,72.70278915527406,13.237607262665701,4.241069506303745,77.84639313003531,97.80731254764858,0.0669999999999997
56e20167-89e0-4b59-bcb4-d4d2d1239d65,5779.717581965451,2.250265871965308,41.91625872829115,76.19379142188006,13.175408991508773,4.324802459809365,83.41395185027523,105.51557015372153,0.0670000000000002
ce5dd792-51be-4b6c-ac1e-0ee7daff46a1,6288.468723554772,1.8097598253222065,30.91870724315035,68.97580426165908,6.100851344295981,3.2449146150513704,66.25723046664031,88.69808196265924,0.0669999999999997
2371d515-950d-4e1f-9460-c86889d497fa,5679.318698957539,2.2787631549700733,41.7786679107894,69.53321164478317,14.331807044983316,4.460175724021912,83.2282560646027,93.80885261986126,0.0669999999999999
a84409ef-cf06-47c2-b338-bc38ca89e0d3,6583.743479643808,2.179255174028088,37.57645316872299,75.95343072468418,13.12310744880547,4.248224728068197,78.10236460684462,102.47399526608388,0.0669999999999999
a78e07a3-3566-4c4c-9133-ba2341405ef3,6838.760805867928,2.025037880908127,33.43911134537953,72.57713678471366,9.143452455454065,3.7912436207103783,68.89914438074496,94.40510012426297,0.0669999999999998
28e0d86d-387e-4179-9550-a0bc2921fd80,5487.128310944143,2.3262821079538196,41.25414590823725,70.8230664203032,16.183970722108246,4.604652466834238,85.5068562817299,96.6780846005715,0.0669999999999997
5f26628c-7dc5-4f4a-935d-871554d19b40,4742.365581315518,2.0809597290594843,34.52604278305031,79.59426487183994,12.120752647248706,4.0338810543867325,70.37952193367992,113.30298024392872,0.0669999999999997
6c77835f-ece7-4861-ac2f-f27150bc103c,5793.361814611279,2.236618021661986,41.501428693693796,69.32335207124119,13.592236011374153,4.353176760165504,83.89764509735065,92.89880386866423,0.0670000000000002
615894de-64f5-4499-bfe7-d81e3316cd28,5898.955846847745,2.095899082082268,38.032578737550146,69.20835153576323,10.744330444016228,3.8689191140735444,77.70981733198437,90.06259875851123,0.0669999999999997
ba83ca91-ab02-4709-8ecb-a7771dd7bf7a,10582.846148535742,2.140853070500327,18.86546898918888,63.81352858216652,17.00592510836724,4.393551541591243,49.83702044665935,85.48549169966023,0.0669999999999993
3c687e64-5d35-4ce4-bbac-5f0222905918,11313.155345040834,2.0857173324908267,17.174530288551033,62.89726648088045,16.64965363404088,4.242736703718724,46.73735949003082,82.05762322823449,0.0670000000000002
846aa867-2d7d-438b-bb7e-87c955b24098,10203.40392029552,2.327423215479692,29.96768530616618,68.60587626433477,18.88941303875407,4.723362901824268,67.94661417577711,90.28737775102356,0.0670000000000002
57009839-fae7-4d31-a8b8-a6ff64ddfe11,10916.069717445664,2.364246019732129,26.37072001275615,71.86660864492315,19.872529515266073,4.7340371620533395,60.482639871695255,97.13827192785816,0.0669999999999997
2cb47791-e50e-43b6-befc-8d5173a1d540,10241.165728245365,2.593419211618786,38.89078733998578,76.53356696781596,22.884597030577968,5.254898724327982,78.66367960117151,104.08605738912016,0.0669999999999999
58466fb3-0ef8-4cf7-b450-0df721e0aa49,10411.739996823091,2.6245528912068257,38.82471593211812,73.97960159868212,24.209457615342483,5.354418391825533,79.84452672044398,98.55788987353367,0.0669999999999999
4587d9f5-15f8-49d8-b9fe-9fb78f958bf9,10158.009517132534,2.563233765755359,36.118370965009696,73.9839318908771,22.876183156363176,5.152024698101692,75.01197173736084,98.31719990308886,0.0669999999999999
b96c0701-ef70-48bd-94e1-7e2c51692587,10435.455973184653,2.6894861637988776,39.840764793338025,72.2700896692497,25.849951213439134,5.521964690534871,81.23870437466503,94.76338702298088,0.0669999999999997
982fb60d-39af-49b2-b181-8148474af643,10473.422125904479,2.6942170126145406,40.44130962833179,78.1992809779904,25.61256115412461,5.487894774521694,81.93591055830487,106.45801616728791,0.0670000000000002
931fbde9-9026-4eff-82e8-4851925ea34e,10474.436419998428,2.683954766559946,39.20465239254054,76.90141082399347,25.53480187467809,5.433378024501755,79.38159558905086,103.50479814427678,0.0670000000000004
b756e31c-aff7-453c-8881-ec4801370863,10672.524889806497,2.646116997695063,36.85672193445572,76.50274247425448,24.204295238998064,5.342864783710267,76.55540447579102,103.878433700125,0.0670000000000002
b63f1335-7ef1-4475-a7b4-d66c2955da5a,9423.839525295989,2.6755018147897656,39.09077588060879,77.7142698156761,25.551381105735327,5.438763758173745,79.99883321885027,105.82839293234123,0.0670000000000002
072c6ecc-5788-4c40-b48a-1a842adbefad,10021.508439904705,2.59380828946703,40.71253866389244,74.87687926505265,22.167265904557052,5.2290557646839995,80.9978468218665,99.42219083796303,0.0669999999999999
0d41037b-602e-4fd0-9e46-821bdafd67a6,8798.806145130897,3.0256513179803077,59.63730648256971,89.31896800390976,27.638257927854532,5.961818719955002,105.84873855336532,118.43986201237456,0.0670000000000002
392deee3-c490-4bd6-9995-7361c509382b,8620.238834434307,3.0440588505774704,60.34501255717843,86.7781107220069,27.984945250766035,6.086880777415647,109.47769745817311,115.17744620643239,0.0670000000000002
1a1910c4-b0d5-49c2-b32c-214f18a3728f,8956.716050878176,2.956633130258202,57.36432048388345,89.45343176139288,25.741051537398942,5.868134029343649,104.23424463404295,123.1195862124589,0.0670000000000002
900b0fef-8fb7-4eb2-b187-c40491d600ff,8648.678943344306,3.072900428943485,63.562314592474344,90.9358827283306,28.056422185583006,6.022757724497242,110.41344801392275,122.19492355494512,0.0669999999999995
f369672f-5677-4e37-bc06-5efcc4f3723f,8559.094175738079,3.165767460394508,63.5400062211759,85.00477183278868,32.311614737241314,6.332660640625682,112.60853016924925,114.54536093906043,0.0670000000000004
51ea6d35-2586-414a-b0bc-0c975101d9bb,8397.690299673166,3.100272381258526,61.45253126003257,96.88979595000295,27.760649306917237,6.097250980036037,109.66152411678341,125.04423800339245,0.0669999999999999
39c3ef48-0d03-4581-9e9a-8e490b404a63,7752.519440174324,3.0417119543114213,65.20602448369172,89.68186529082567,25.383006555945204,5.838830280879414,112.86854917693023,116.95739163624778,0.0669999999999999
596a5ce4-a65c-4e74-a3d1-4362bf16d4e7,7658.612179232933,3.0779434216962356,63.079787026292905,90.54946216418104,28.38470279595218,6.062485732690862,110.95592156081491,123.22291216082164,0.0670000000000002
a474b988-0df0-4de8-bdf5-9d617a73f66b,9168.666539095604,3.1269004399036526,60.780829969674784,85.91640091152358,33.07894675071387,6.329327800430517,109.46999753639842,113.35620536007231,0.0669999999999988
0d741a99-1000-4a69-b8b2-354eca5d0b10,6290.242374173583,3.141867682075874,71.46904347710239,97.50229524398422,24.406076442977724,5.934849455536845,116.58851747646763,132.60903771453502,0.0670000000000006
1ccdee45-c53f-424a-870b-c2a65bec6dcb,6308.051507016865,2.9813852650931065,71.00672158533132,93.59494701053636,20.86377175193947,5.6056659314461745,122.04546824455674,128.0167617337203,0.0669999999999997
5975039c-e41d-46dd-a2f7-c7d10c000fa7,5429.489509214171,3.125532124677242,75.5020558194583,91.62645975612847,25.551410908694308,5.936430210961647,121.38912775074193,126.9118591560862,0.0670000000000002
56a80258-dbaa-4c20-90a1-417753a4eeca,6746.659276413206,3.2570954222802584,76.61475495039599,101.89987573687124,24.462915393624712,6.087673931973541,129.02039810221368,133.60390522691117,0.0669999999999997
9e4fd99e-59fc-479d-a2c2-9e1bf17835de,7745.138374438643,3.1438956041142365,67.35837395935938,97.42027156073408,26.484901714795992,6.06597374147696,113.98265553953826,134.1021150929595,0.0669999999999997
3042dea3-33ed-4c82-a90f-ef831805235c,6939.209340858444,3.2560767212306856,75.6506107721918,93.71288318834334,27.720593056444773,6.276875874870483,126.15809987091244,123.74914847851906,0.0670000000000004
8e61b37a-77a4-44ba-b63d-e1a64e07700b,6138.648400301671,3.180636915057657,79.1691425170969,93.63434087158714,25.938774785706745,6.223298652107812,132.12968257390094,124.01354334473999,0.0670000000000004
dd76aa75-40d0-4a57-9755-d2ff8e380d88,7284.170979652672,3.1928106782646686,71.83799675006665,94.7377660277848,28.453375799421988,6.228624663329213,124.22433007308794,126.3553862327873,0.0670000000000004
8266c0de-77ce-4a9e-be8a-021fde5e26de,5357.577379608932,2.9845193132625982,75.30734220629242,96.24050297283289,18.73102759664072,5.548884934877604,127.28492319498066,124.32858344954181,0.0670000000000004
3297a58e-3ab8-4e3a-8ec4-454e598aae6c,4438.063372922688,3.672203764783618,108.19071613038226,119.9742161785221,29.58909065868058,6.6711441104558675,161.7374029383055,160.26723641608788,0.0669999999999999
63f731f7-03bd-4859-a2fd-915e6a43411b,5229.433692714293,3.71338870423395,104.93865197709654,123.20767483154407,35.029666840835795,7.045088222873427,162.451130232302,171.74362397725443,0.0669999999999997
f88c5300-4dbe-4ada-8642-8e45ea1970e7,4314.043609772727,3.456734315335166,97.38093535886544,119.86139977801187,26.23374018760599,6.417582752750427,154.50677829116424,170.70567427853786,0.0670000000000004
16a8a7bc-0241-4aeb-ab70-ebc097db6d39,3749.269044224057,3.6651344832620403,115.97987399273367,115.78713132270151,25.95063124876747,6.648546023118863,174.8486660197891,152.76313205918413,0.0669999999999999
d72ed3b2-96dc-437d-aeca-55afe33ab099,3015.5156237555443,3.5009138075321844,111.78648882806613,116.3230820866349,25.23840448149124,6.444795477033349,177.80951568978162,158.61266334755507,0.0670000000000001
d62b3ef0-9834-4b7f-8d69-8584461432f7,3536.9190849135903,3.135015097114785,94.0292286138286,105.27969168591952,20.34144596358719,5.787168725313854,144.9146188180626,149.0463863079696,0.0670000000000001
61454d26-5fef-4051-bec8-660fc18b1577,3217.2310060297527,3.467292155301526,108.69821262834019,127.34053399285395,24.77346072852007,6.454566151129715,177.83677834585637,169.98402659224072,0.0669999999999999
10c8d988-14e1-4079-96a9-6ba39c2c9540,3442.9965348095493,3.7236835941759328,119.92944323044489,112.8991324490215,29.478757449900744,6.854063640078637,187.28881235060376,147.8093145966087,0.0670000000000002
f80cb97d-4e02-4a73-9696-e21ac0e6dc8b,3801.4892077814106,3.1357302155634987,90.06120651009094,121.6383549054359,19.133658712605534,5.70178992137212,142.94770397121377,174.3773498607552,0.0669999999999997
fade5de2-e4ce-473b-82ef-1d73fc82cbdd,8811.056045156334,2.302480979952341,32.25241693714232,55.11331055540559,20.371001835509595,4.615750055355881,68.4577605136401,70.69741849186367,4.125
7dbd0dc9-fc0c-46f0-9bb5-3fdf1313fb91,9564.467715676425,2.689387213047529,41.36863100370163,59.93739686477725,27.130023905267556,5.334767903032982,79.9165993526701,76.55530027624492,4.125
1d90733d-6801-44d5-9529-db295dd562e4,9625.027344340346,2.9618600340884593,48.36798913451786,71.77162938004177,34.31341511365702,5.922081963429075,90.58836475693025,98.63150267311163,4.125
7b84f284-39a5-4594-bce3-d2b812bf19fc,9902.844410942685,2.924415731996393,45.647909345080336,68.67614337542014,33.99222399155955,5.880141958532009,85.06330100439358,91.97555135507041,4.125
7a51955d-d58e-4698-8a0b-d47097a5888f,9059.283993090929,2.450140551594043,35.89421208573963,60.27699907230205,22.164561397622755,4.78457297241523,72.62808303476427,78.16880574032554,4.125
a60a1947-dd7d-4f68-a9db-f32f1241dd02,8257.1543055869,2.6514737819175114,45.40303115235981,62.061820419554934,25.301218921171653,5.1794185208005175,85.95129767636179,79.21353613922255,4.125
6078548f-a169-4a41-b05e-0af558a807de,3830.7699544564025,3.204911670441794,87.63698908231127,89.87955254597514,27.75156554080665,5.961035857475061,141.49470872875875,122.71746844540239,4.125
3a83209c-7f14-4ec2-9d52-c826c47f9fa1,5785.864229992638,3.4627993742483465,88.03307326977253,97.79674173275473,31.846259865151822,6.450886932434188,136.73925273571666,131.84959569210864,4.125
9b710395-2f04-45dc-b0ab-94e4e0b27522,5379.466301944965,3.2493837149435705,90.63813233250553,78.93849233530942,25.408720013916444,5.950499197301906,142.0165732569714,94.72831597225382,4.125
aa937a97-49b5-4b95-8abd-784dee1699af,4225.137688461227,3.516118978680576,119.28663545029194,92.72441294111913,28.638357531587662,6.399800955404028,178.8451784239782,122.6328648884741,4.125
680d1f5a-f99e-4b36-b545-82a13e106f11,5720.842759177723,3.692968034761051,114.49582599710754,87.05189304531058,35.149742262764214,6.8522170518798005,175.3263323899797,95.85666218051229,4.125
6b2586de-63ee-4c87-99a7-fb83e5104b28,5196.421465075541,3.6935147075950954,115.2458825295076,97.45169176791177,33.971453755843044,6.78341237928754,175.6526108122141,118.75897727267099,4.125
807b6aa5-a7f1-4368-9cb1-c53699650f97,4843.987624613078,3.786982790890527,112.74119126749983,105.84794456492148,40.57393027997188,7.24047238192442,175.87955398880297,139.62859088234168,4.125
c5bb9717-6414-43dc-ab15-bebdeb8b3c80,4901.753076910012,3.8115117476738405,117.76054681501068,95.79660889334909,37.85903636185975,7.124790580528759,178.27268674273432,118.23836972059819,4.125
cd29903f-6706-40eb-b12e-4f2b3ba7f6ff,4653.429379937202,3.706274491386529,112.17550760772939,100.83165391259125,36.50644220172596,7.001580567403951,169.38391343875483,142.03844672999818,4.125
b7a7f1a4-aaba-4817-a760-48caedc7d56b,4761.120576654864,3.6550283382295885,112.89056976799687,107.31788610682987,31.967623126343973,6.662102875476127,170.73911031969084,138.06104423865813,4.125
39b802b7-e477-43dd-9f93-b2552578ef58,4587.83833774191,3.558723042184708,111.19066400519665,90.67668541933705,34.67692318307271,6.748339792945481,177.6199308089004,112.27871792584519,4.125
64d3d8eb-e603-49b4-a5a9-e3996a69dfe1,4936.082211168349,3.9803837943950735,118.71055597166715,113.40847061850077,38.40611483335997,7.282653687881953,174.81015982774346,138.97623854831284,4.125
0ca3f1a7-5d11-46cb-a691-b2730333385e,4689.6290936356445,3.6473136675973064,116.60775559535885,100.26154669829911,30.80875724973514,6.515505016274365,174.61553699072067,126.48759689219395,4.125
4fff98f5-f6d1-47d7-9abc-55fb361dad8e,3669.4834055944484,3.732874398872455,131.97197028967395,100.3531650839387,39.23995437247094,7.024858665265522,207.4582646970347,138.5219600489969,4.125
a8581d22-ac0c-4c86-b6df-c8b461d63898,4144.61459916642,3.838049375907967,127.02276553120014,108.95007521104066,35.952226313233936,6.9873066108025546,196.0885199482412,138.08242230223863,4.125
94e3ed32-2e8e-4b8c-aeb5-0091d18f55b9,4608.733657143927,4.080334101180805,132.24715050300858,106.91924452058635,46.337028505433864,7.897573525652071,202.2729058521921,130.09464881104108,4.125
af256994-3c1b-4370-8675-53bb506c6bb0,3644.8844152788383,3.8529778917825723,119.09303496188838,128.04280689054,38.084130943806755,7.115660579395749,180.13339990673177,178.98921707516524,4.125
9d0a5f17-2db5-4831-91f8-ccd900e01eff,4664.914797763768,4.113337782719859,134.02022411645126,90.55658151688046,48.34249652798865,7.956179409848592,205.09096671966694,106.4327794542895,4.125
e8d19c5d-392e-435b-abb3-f99535fa6bc4,4643.991973775976,4.2229312666634895,129.9626468503487,101.57379730124511,52.51185962393757,8.174075882261201,200.24260032238567,126.26507527958518,4.125
1d42d407-cc60-45b8-83e7-485b7deebe53,3487.796844126439,3.9204565849616526,130.0250352572259,111.51541234044463,42.11689893923896,7.4000737457779175,200.17034921992666,151.88491593895077,4.125
48e00cda-b004-4b3f-a8a5-dd066dbdf245,4768.572564635011,4.154538995715825,130.43512928352004,102.79367965630962,46.1221636748213,7.930001633897781,195.67976717467155,126.49133241346024,4.125
3116f18a-c042-4e5a-93a9-ae42bec025aa,9909.149457931953,2.226035012734151,27.207880311076682,46.01052661931989,23.67199224680745,4.617708140148225,62.49010855190785,61.50668600714926,4.125
0ed7f60e-3a8a-40b2-b6f5-d013913375c0,10218.94841675675,2.564252715010883,35.261463505265496,47.65208240509908,30.222665236365337,5.262476780000324,72.57864531711056,62.9734727462295,4.125
f86ce1a2-98e0-47d5-940e-33d8d1db8c2e,9156.65507803421,1.9828856831092379,28.021608560445788,37.49101515598862,17.66054952379428,4.071745023849148,65.75656893967611,43.951134093195826,4.125
a5027456-4585-4760-bfc1-007c1058e2e3,9955.862545512526,2.3559370930329084,30.719134333246014,44.49908159729827,25.62317287554337,4.8084802799122635,66.85233650867643,56.74365160152195,4.125
da503378-8adc-4f26-9c4b-5261dff587d2,9569.649942714614,2.3481983148517034,31.062556379891188,49.400404398304474,24.702355099863986,4.757546091184834,66.90824963436332,67.07317924728974,4.125
fffa56b9-f854-48f0-9949-318c7bffe27f,10319.851129476892,2.5114012892684796,40.26116681121764,42.15977571865433,27.63112520811861,5.147293680818924,82.68977988284225,51.913512762741874,4.125
71aa0826-6635-4f90-88ab-8e3bd8aab795,9153.756753510115,2.669134360914731,42.60857838582222,55.04798366525171,29.752593737357884,5.340883878025176,81.13789557778638,74.6296528354081,4.125
1ac8eb89-ca97-4d3b-bc32-30b1af1400f4,8450.01919967216,2.6349527165628994,47.085642061387446,54.23706416188196,26.385748420423912,5.2212497779950064,87.145076604015,71.40868188130558,4.125
3ee5e30b-44ab-4b3a-a96f-d35585ec7b40,9262.318316175855,1.9990263541240407,25.485445951035693,43.57130393681341,17.97629172072877,4.06969063864503,60.1050672149002,54.91809030843446,4.125
270e5d94-4c6c-464f-953b-76c068793478,9459.918195654309,2.0038969086605474,26.370724324463332,44.62739760367649,18.162029525594107,4.091454217335416,62.09564447380568,57.80903324575323,4.125
6b70a892-6770-4486-b162-e59c6f59ae6d,9888.0699594184,2.7991562034945208,41.75575647238742,53.021158986917484,34.69435936506417,5.720821330547332,80.44699347097787,70.33870381364999,4.125
9161ccf8-430a-49d6-abb2-293c4c3fbe80,9417.94609884021,2.931184377236408,53.60135083617078,62.437164070127366,32.29508628127026,5.873792762914705,99.49385831489253,84.05441978931296,4.125
90c61e41-5688-49bb-9ca2-b73fbeb3288a,8830.625168139597,2.941326843066194,60.05548768575693,60.371031864569105,31.601898937431503,5.919866471120466,108.71826178415625,83.27043978695984,4.125
3ea51f69-2eb9-4c2e-a1d9-4d816aa97b08,8759.064789189752,2.645097524749411,55.87004810299372,55.3492037993217,23.647996670166258,5.193901181677852,100.2653933947895,73.5969391506941,4.125
99c79f28-5771-4e5b-91f4-aa87bf51e2b0,9190.144689202594,2.9286258522967605,53.673892407763134,63.79098709752448,31.861927873967936,5.88585099560295,99.64403741169447,87.11095238796655,4.125
f9733a91-1cef-4b0f-90dc-ddacfd3f9207,9470.923518228316,3.0059945425253813,55.6373798497458,65.35450454782841,34.38360914953173,6.123077920673117,101.08750340152686,89.64656055308669,4.125
210c0180-08cb-43d0-b5b4-1b1117611dd6,4770.98107828843,3.515600039705457,105.06838970319745,93.50175375333404,31.32994365069035,6.519596072224155,160.35629765029137,125.10578231651802,4.125
0ef6ca24-af21-4658-8e19-20bf8a0d714b,4805.0881310553095,3.6340887204004737,108.99551290752497,94.2064417835433,34.76845668865106,6.825276410859594,171.35921254908754,127.5069355781059,4.125
7a7ccb88-710d-4fe3-baf9-a8d33c3cb064,4981.949538754648,3.2420319429848896,99.58248261137041,84.60842773724346,22.852738795499874,5.770518201362155,151.902666009213,105.09941405062666,4.125
b8fc38a7-15f9-45f7-b883-c1ca65414d22,3163.000196901927,3.148288650020643,103.1676215125568,92.03016184296095,25.950374334850235,5.815280712575011,161.57571003642457,132.14615151707108,4.125
8d2048d1-4db4-4c67-bc6d-e38a8cc2ba1d,4338.1351614664145,2.7422680989608366,91.63437868306036,76.57127334992616,14.325695814067906,4.769050500898987,139.3582382297074,92.22544326851583,4.125
99511564-6a31-4de4-8aec-33b83ef2e4c0,4305.95739666509,3.400777892944823,104.51405643554277,99.16698065657486,26.163581002914214,6.16920628170192,161.71650797260267,132.4350062823723,4.125
b3208d98-2e86-4acf-b357-8b77371876b9,5070.1320354623,3.581366564765537,101.96037668659568,94.31163349624582,32.99083345124744,6.650764484072439,157.3969239741985,121.42205551124256,4.125
c43183db-63e9-48dd-9136-f1570d5216a4,4887.152396716536,3.4967574041065523,99.42339109610495,104.49236690494759,30.35651029280023,6.51556012421735,154.54915910231452,142.4840699028234,4.125
4d3182e7-7d29-4145-ba88-9ccd8807048a,5117.535798905239,3.67217844070613,104.3845841020767,96.74902461711102,37.87673601730672,7.003603327945916,163.07058315505887,129.79612120711113,4.125
4cf9d11f-5bf3-4d1c-8fe8-abe6f14769da,3464.858589914699,3.2669301654637675,100.17749128818694,105.84446616227538,26.19424723780748,6.012804598368136,158.16715796515234,149.10634440768249,4.125
1a5f7f11-4001-41ec-b10f-8e2f52146861,3841.2305379057907,3.5810232656295895,113.25962240422045,105.47040170025623,34.276801249692895,6.79017572390495,182.53149367504946,139.79635641283912,4.125
a1a43564-7bac-478c-811a-d8ecdc43837e,4923.920906739003,3.5208959457659894,101.13664871520015,107.12690143537543,32.85946832433717,6.669853340020084,164.17083643906034,139.81526299818816,4.125
d0ce896d-b9fd-4e7e-8ecf-665ef6dd7398,4358.495211422617,3.017421360616535,104.12759995459867,88.0196916042369,15.22213040588251,5.080307723793949,154.30918384847433,106.65809262468566,4.125
0c00be04-9b09-4d3c-8f6d-3536c0c7bc98,4625.607805626329,3.706313257936022,106.24632554029803,112.79617310688317,35.83680449525484,6.895082171612987,162.65068898313353,152.48398812953866,4.125
eb3e29fc-4cb2-48c0-92bc-7bc525aba2b6,10389.98491517664,2.2503207331414368,11.238006773898476,54.74389345489841,21.580692579310277,4.647873233896814,36.92812168663194,75.7166673690556,0.0540000000000007
be945669-39f9-44ef-88da-a875a15f7dd6,10054.475435875898,2.470801740487103,15.123086766044633,55.4521964629055,27.667070994337084,5.1871013946425775,42.882855737818105,75.59807429642709,0.0539999999999994
7748d859-330f-4220-a66e-5712e6f1833e,10413.088473048454,2.476380105017777,17.072998779316986,54.72040783613726,28.089873440458327,5.243541806710018,46.440908648306824,71.97534269382365,0.0539999999999998
28f8fe40-2262-4f2a-8925-2a18de194548,9719.062895402605,2.7786496505281044,45.301273257591866,74.02684667022521,24.48389684345213,5.539880683617372,80.95850990747998,100.2986456180063,0.0540000000000003
7ef36a5a-1f4f-4aff-ad34-2f32ec108530,9045.430087497314,2.929042796967389,53.245961366907686,71.47983189023662,25.56828897982709,5.745370612292586,94.91893957944215,92.61213507731047,0.0540000000000007
47081519-e5dd-4ea2-8da9-7604be165720,9021.287517495311,3.0598792927391356,52.797242543599616,74.12958296231878,31.61784647642534,6.204462295311721,94.2138128274978,97.9869992096484,0.0539999999999998
a7ab91ef-722e-45c9-a70e-24beae43e747,8154.07076764736,3.236589990225537,67.43767789575898,79.1510484360235,30.158922515922544,6.350153100922402,111.0250371824893,100.87540904660317,0.0539999999999999
eac4fc68-4622-446a-b55e-4fd0e7db6473,8373.015729290652,3.2461122020819357,63.27267175746512,85.36602390345814,30.761366502903787,6.362074313576869,101.01022473345785,113.55264792712735,0.0539999999999999
d69e8735-c51a-4f80-8d66-63c8e23fef6f,7132.559007224596,3.3295915172731134,75.80925583975524,86.42844249037479,29.979532031619346,6.431918374601707,121.83751395926446,114.4677625540915,0.0539999999999999
d3ad4585-b076-43ce-8ab8-7d9df7e9d735,7445.171692496978,3.289134035427027,73.48256395709831,92.8404124908626,26.918575052839298,6.243483304576535,113.70433637472544,126.01520634425563,0.0540000000000002
18f46bea-9fc1-4519-9887-95d53b249f39,5742.305547652437,3.511109857423569,88.63185754460477,102.60885633389378,29.39742531506717,6.630071050776758,130.3258660053925,139.04717610787722,0.054
00e6272e-7190-42d7-b728-1d4ebe0da1f6,5127.013155680457,3.57302905039156,92.70947257095305,103.96406497022949,30.059624766466197,6.781437130847126,137.93927627539318,138.01375308589257,0.054
808af5e0-507f-4727-8d1f-496f1b4c805b,5734.961226859584,3.4614650783843066,84.68179083952258,102.64436336311309,28.62138064764381,6.5392005107917415,124.82653326070071,141.07487135593377,0.0539999999999997
348e026b-1bd3-4620-b060-1da8943477c8,4792.507090364513,3.467787501605868,107.86668118447342,96.03200106920217,22.658721430530896,6.30978258278962,158.74369251272185,124.4894194232735,0.0540000000000002
bc99463e-5e92-4b58-b64d-66b0a94e93b7,4876.157894519442,3.8497720013227803,112.24701135777161,98.58311172735951,32.76769508876093,7.183465615351407,164.13060417196115,122.1376297581492,0.0540000000000003
faf3ec28-791e-4095-9bd7-0d9dca8a8832,3513.417369626148,3.8151550674773436,132.338050803688,100.04219689410219,34.294786940009395,7.054692962740508,207.31627081957333,120.49126798358456,0.0540000000000002
167da78e-a12e-4dd8-8fe8-7e62e0915e57,3897.581935834358,4.01138333947958,127.81541935530798,116.08825281328366,36.095329130872905,7.4491344635650725,186.08742168659367,153.95341526170665,0.0539999999999997
60c6fe7f-5150-4189-ae56-78ed311f81e0,3581.9242882134745,3.9268422650971986,126.39904688598234,113.69699016810092,38.826945428704335,7.479853613395762,191.4168544206521,153.68986959655408,0.0540000000000003
042ad28b-091f-4fb3-8cd2-9d7133d9e535,3319.6892007319357,3.6476729576747817,131.19025878718568,97.48744320216738,31.60745450547464,6.788110700137146,210.56979455686934,123.29113779845063,0.054
81c11031-1340-46d0-8b71-6b32bbb43c1f,3697.0821982629745,3.851993000441916,129.5364114274424,104.97949412607288,33.744683235774126,7.124989428842347,196.81866643729478,132.7457047376402,0.0539999999999998
7df4df72-67f4-433a-abee-cecfcc264974,3174.039217132844,3.8103461219206247,124.38586165056094,106.93112621136437,35.38491885529071,7.376824858936566,196.57388173549927,142.62768154053276,0.0540000000000002
b52b01c8-1b8a-47b2-a709-e49800573069,3463.9795934579984,3.9308432143452863,132.03408221598167,108.01555831120345,35.30313191850741,7.39001117245285,196.66556933500033,140.6121511213928,0.0539999999999999
b79cef20-723b-440c-a2c7-48ecb20d2165,5690.492725012176,2.845325530478917,44.19545182198203,57.27558504723243,34.9450312657879,5.778363440188354,91.53959270720652,73.96874426440166,4.125
5acd70f3-f7ca-4b58-aa64-be5f2abb9a25,7708.338423171986,3.072460783898639,45.11432717143145,67.45406478498731,39.338120253092924,6.282030706116227,87.90304352132252,90.76034678220756,4.125
708ac8aa-37f7-4fdc-aeea-76cfe5b0b62a,6895.767523887856,3.153934813409465,50.70328072709495,75.66389602609746,40.34315069112313,6.437323676961669,95.70063725149643,106.06671950026772,4.125
ffe4c588-b136-4411-9060-1d2de4172e25,8237.93056251962,3.1417386102631024,50.82953637317219,69.51830921165485,40.421216663779006,6.436258627267128,95.80534438890567,94.59021219735905,4.125
5d5bcda0-c3ea-4ebe-b5ba-a013554dd38c,5806.193852385798,3.087411601467913,49.147532319092484,68.34516778546794,39.50302324387697,6.295232154291675,96.01776680784383,92.38264016959369,4.125
ff8b6352-94f3-4e73-a3ec-410842278af1,4178.427445384705,2.299952437319378,57.82731759399843,46.940949240077764,19.27724001156439,4.599292833394938,114.35761578969051,50.22534710297948,4.125
04fa2d91-e66d-45b5-bf8c-2db0296c8d7e,7168.642854013168,3.291140772704602,74.2206435784188,69.17206538802617,37.171027642133886,6.472627729959732,125.42358486558497,88.64487631602177,4.125
595a1cdc-a5d4-45c0-b278-25f27af37c25,5614.318170316845,2.8991620732555177,63.12672269825651,69.15212245535777,26.788057185037523,5.550232537433063,111.58845446079751,89.11547174096086,4.125
0219dad7-2f40-4586-9ebc-f078807d5538,5062.603913224573,3.417793114596874,96.89241353242686,86.45199531541624,33.20292715072427,6.502259206487066,156.1404147029973,105.16271413817584,4.125
42d18064-1646-45d1-978f-a220ed940cc4,2797.2417346918455,2.398875962841973,67.75757780354336,80.42945122781845,17.376372520431822,4.593273201438531,123.63862204674777,108.7958279303461,4.125
bbbd0550-79c6-48fd-8613-2f923fd4a027,2539.194368271572,2.7169700646280117,84.60864656753145,75.20217202221829,24.28621806191396,5.340132427753186,152.60703941782046,95.10679978932208,4.125
387d398d-5304-470b-95b8-e4d4ad3c3e65,5368.993304082301,3.472205164495108,95.96282358983477,92.09923424970663,29.640638971668775,6.390860244341546,150.02278223945933,111.17804470627324,4.125
491c25da-504b-4c29-9f17-98607be848ad,2373.1579233921257,2.3212434421480257,58.01824817337585,85.79303791440367,16.747643829266096,4.407578069241529,106.18909139561495,124.89293867637699,4.125
fddd9b0a-0445-4d65-8cce-6fcdaa7e5298,5093.554745136002,3.343608866339934,90.48671348949648,85.97482925852167,30.684779717872427,6.333820577811811,144.8090293051701,111.12662673342027,4.125
d091ccc9-7f22-48ab-ae96-3cdc399163e1,5437.647737728343,3.532711254753415,100.99014676592606,74.93650684647115,36.62596705608298,6.847918027239088,162.14926726561475,89.62339158397256,4.125
591f4c71-dc15-4ad7-b450-409f3dbf50f5,2435.3420548448835,2.6043510106740735,75.53027331415622,81.89827918651449,21.714333808615,5.004014916986808,134.00716804602706,115.17950193836894,4.125
6bc8c5af-d8d9-46f6-801d-4765cefa91a7,2516.7534989478518,2.8197992786878228,89.58499458532616,77.98012794431762,24.580964930923166,5.443275251401811,157.96055099565552,99.48742386613583,4.125
d2265ea0-2f5e-4243-828c-4431af3429af,2533.877256208584,3.095462643916691,98.24307607707236,86.98316467424303,28.4452762953127,5.90596023927738,163.5462930456266,116.37496111683134,4.125
f8ff0e6a-2414-44b5-b415-5594239e2e81,4364.791160935773,2.8860816694135227,96.50195376010385,77.65826505782351,18.956737227972237,5.243767287914997,157.0920433387247,92.12537427954213,4.125
bbbb583d-a9ae-4bc7-ad3a-62107a32b771,4513.852101095376,3.681868276040907,113.57940275662529,82.40186819889621,38.299869431856635,6.9938500092046105,181.78875653195897,98.63479934762378,4.125
cc0c9073-20e9-4ffb-85d4-1179d04fed1c,4693.730590752986,3.5967691408273743,108.32277034947397,86.13908538774697,35.11222891209332,6.746764282267623,173.99558280726595,103.41982482664159,4.125
3608e3e6-4f53-4e8e-a08b-c9464da81b8b,4112.925825437373,3.475049156995502,105.03636284437499,108.01318776968837,29.591913293483923,6.452251412362475,160.69403393852576,145.05946788782694,4.125
9b2648d2-03ec-4b07-b910-91ea102ca3e1,4881.907510944469,3.515854679083856,110.29204681423869,71.44841359094836,33.0022082270595,6.6175465911049045,173.87714067310307,80.32987010226385,4.125
227c34ef-7482-4e1b-8d29-a96940a950c9,4494.309077741612,3.4668986163211817,107.78510329361951,80.32110244264723,33.03337237530276,6.633887299137453,172.97424996308172,100.02110174082125,4.125
bfd40641-dd39-4d60-b3c6-8ea540ffb7c2,4606.2982540679595,3.5480786051545876,111.48845759114423,82.72843464520639,33.18710182697133,6.628218332421451,180.09981169562488,98.2983137614969,4.125
f89a98ff-1ede-419c-9276-f4dadb7cfba1,3217.9871515842706,3.553028739614702,119.7400325358601,91.27632690038847,32.74027215552803,6.649093834320376,191.95966450252013,114.5280339905453,4.125
e29d220d-e583-4824-91c7-73d521f11409,7038.05357521267,2.310182328116405,40.63208974417328,64.79713278109217,17.77619318492181,4.459359948768169,76.52356878391802,88.3267775959858,4.125
c6059c9d-5215-4341-a6ad-ad081e0da71e,6473.103123992735,2.667033980125111,51.425945842762566,84.35171761850738,21.937766798262697,5.111464501216091,89.3611473122322,120.28002426224646,4.125
96279f8c-eb40-4710-9a52-f0d150473447,6799.126111767976,2.8531645712400637,56.84204006450782,71.75347879397196,27.607345264942204,5.576065253126407,101.4745055048532,93.45994713431764,4.125
7d8cec22-fbdc-4bcc-81b7-7380ef4b91d4,6714.1433365369585,2.808091724641764,53.56663484625504,76.7845685805715,25.854510035353638,5.428112330865687,94.70786475383903,105.4298701016825,4.125
ec8a1dab-ff8e-4a63-830b-8a16799149c0,6379.959353904974,2.9422081734864447,61.464884642214805,78.65820453521141,28.30383108994707,5.69015091879278,106.62198584111117,107.55999181965637,4.125
9561dced-c1f1-4bac-b6c2-2454d4987f9b,4909.234828981902,3.530227093064864,105.93430184115167,89.90925827539658,31.501754661764934,6.591619566347558,166.3495950895075,109.8286745230807,4.125
1f783b9e-43cc-40ed-a2d5-3324c0f5bec1,4226.822613933359,3.443535018675606,98.58912655923365,104.51976305091252,30.53267298403475,6.391119640605608,155.93972934424323,142.6383887533228,4.125
166fc52b-0005-4970-b280-95d6e19d12ad,3452.2830461424996,3.160230878568828,100.41958836389995,99.04020001581443,23.33822385572104,5.713061296279278,159.1257394687452,131.07929033671599,4.125
f95d6091-d194-4724-b1d9-155dcaf9048c,4460.925938005816,2.9459391967272928,97.99612526803969,93.0756077308219,13.626461354902585,4.9373123399166925,147.62438862462122,108.51284267004226,4.125
811db87c-9be0-4f51-8953-0fd927c44651,2399.8345932848324,2.8881962216981654,93.20258736963078,74.4270026475521,24.97264975241709,5.5021491239476505,162.45295861848982,94.6510485414892,4.125
d5669555-031c-4757-86e1-d6c5c285c902,3810.4782444321277,3.495262512261327,105.83270712625259,94.9562141522987,35.122250255834636,6.691781819823512,174.12482746206655,127.05837356532491,4.125
3fae5f8e-a463-42af-9f8e-fb0397ca533f,5684.657233758572,3.6714947882385975,107.64482751377551,87.6575126459347,35.891411524800915,6.958942575495398,167.90988747558816,98.97428836398699,4.125
2edb8b56-2630-4abd-b98c-0ada0f8d6549,4619.364221146123,3.511732370458707,105.34138880017275,96.86219469673043,30.060258744947426,6.452583873739222,163.75207538150482,123.64528143054851,4.125
e41859b7-40f3-4c2e-9d3c-4301a98063b5,3292.0015781350294,2.8236721412313046,93.41166471280437,100.42062514060092,19.316588820334818,5.158434401125997,140.70021698049877,141.75254418348163,4.125
d88fce3b-9ce1-49bb-99ce-7e5c155ce981,4181.833846356608,3.4776327055179364,99.8053017614561,77.7800031702862,37.36938141363032,6.8089892537520775,173.1501451337461,91.99180610700445,4.125
0b6818fc-92ab-4810-a8ff-9e03122846a7,5358.945426384343,3.700195352486556,114.05271873797263,93.26317508752089,35.37796055919504,6.911256654459562,175.41532071607966,106.72678942511054,4.125
bbc18060-daee-4624-9223-0a230f154b1d,3725.8112725990018,3.420383849293679,119.4058572602902,105.82164906365053,24.9087564496481,6.054356629061568,186.21472998910647,136.14207502853353,4.125
485535f2-191c-4dd5-bee6-fbc97986dc8d,3530.6431158947644,3.680374083158782,127.13874469496294,101.80587508855706,34.920544953596995,6.762775137495062,200.71201458507417,128.37617467971802,4.125
6f17068a-d1ea-4395-a482-131531421b9a,8338.320820622235,2.8744175006451225,50.773390871352916,70.3467033234297,33.971386209017794,5.882835140296398,96.62838364739109,98.29719010102349,4.125
5569d48e-86ba-472c-b33f-57d4f7845077,5325.406265199361,2.832387832841479,45.768001515014745,67.16594138771171,36.88573204448973,5.798074887444875,94.60628477561256,96.09599941023092,4.125
379df2fd-4350-4301-b0ee-43b3bfdae90a,6419.705728262729,2.583212676939961,43.098995276095245,66.12252481041506,26.515159644157848,5.1997450519491855,85.52971071475106,93.7325823329266,4.125
286594d5-5ce0-41fb-acf4-3a50aab61c28,9360.035248871469,2.7910293883407298,50.29079365536201,68.04272322686317,30.682572609537452,5.651440630737796,94.41437877369053,94.13677085721685,4.125
c002673f-c3f6-498b-bc95-9a573fca1598,6960.923510624453,2.9155142776328518,59.925041981286775,74.70673284470678,30.195153989547695,5.683861470435635,106.90587067425479,103.85784386669114,4.125
029403bf-f42c-473d-97c9-4a47b9b3dded,5970.183636595269,2.8023110091549515,57.67067975181455,77.91037769208772,26.400216560666934,5.413234673528803,104.43425160106051,108.11134260936838,4.125
5df4f306-471c-4def-971e-2b2157d673c2,5293.670887429151,3.0933682622618908,82.39450033461203,87.56102790092557,24.85168904942076,5.760002146796021,139.1340196091845,114.20245828541728,4.125
c2955498-d3b9-4610-af2c-8c0c379feacd,5023.493804250117,3.054321823766936,92.46916954441022,75.98716684493132,23.539475772853113,5.63306256677733,149.76108436773822,91.17761990028775,4.125
f8ed8e37-3d8a-4c66-a2e3-a954ab2d4bd1,3569.164496883413,2.2662103301288203,65.60245292683904,53.95093637105761,18.940199710847594,4.4563953592463275,123.86839685754806,57.5515050559094,4.125
79752d06-7b55-4fbd-b830-d54d5634a1cf,5326.156755286708,2.9880126569904353,85.79933907537102,80.63506361284185,22.141150114775073,5.486826138279756,142.5526470341521,95.58864273153311,4.125
63553204-5acc-4f6d-af67-eeac78d484d7,4860.224386814346,3.3265620138112593,106.63377532034141,76.34995552239492,31.008524135787205,6.359935358944739,172.41027034431457,87.78651184161846,4.125
3ee259f1-69f8-4df5-aa09-5e3bdb8dd3ab,4121.194577804735,3.3628626785563056,106.27318698864829,98.96853930738284,27.797657228804376,6.3219222466023055,173.02325459178,125.92899664803409,4.125
a4b03367-53ee-41bc-8138-a2dddb1833a3,4765.23110382603,3.2949152012840024,107.47927041099567,80.02203728184615,29.21572938382223,6.159297113798087,174.87129521166412,91.03438224722959,4.125
3996cf45-0a44-4342-bcef-adea687338e1,3458.1290318608444,2.721420485569413,84.97860605246632,102.767117555549,14.846841483714098,4.954019831959923,137.64459411482974,146.28306656052837,4.125
9bf5e963-e351-42a9-8e26-0afc9f4624fa,5196.628525745239,3.053725071832858,93.50619873829746,82.67535493536789,24.77424475028106,5.825599810124217,155.3090326689205,97.79440909041314,4.125
6303dfc2-e2ce-4db9-b819-97a3f90e5cfe,4762.820081467328,3.0631376317146994,97.73893746674663,87.45885080345826,21.570181655178544,5.541426232837123,154.05591003827425,110.905127546119,4.125
34d6a583-17a7-4305-bd4b-f4b0c673e0ff,5183.826494072347,3.393639691033235,100.89005864609537,82.6054960912093,32.18097265645815,6.3833317368853875,163.1977469706812,97.12370404277058,4.125
8f2a8145-2653-491a-a857-f19ca2b93e9f,3274.7870610770296,3.2709427199749506,100.5091788118896,103.5956423486245,25.27743420582318,6.004929859234503,160.73946413261487,140.04199642004258,4.125
1d8787ee-0e03-4762-a38a-681a0c2e3a05,5081.44660798493,3.2259911424173455,93.84909789735897,83.16018355114363,27.708926896634786,6.015733129700617,154.31948629615974,98.9927358733888,4.125
7f9df905-2312-4ca4-b742-dcd465967699,5014.618308741205,3.250382621817444,96.2755136544357,75.61417155908039,32.29514387376594,6.276976240282279,163.1694369911622,89.49816303281278,4.125
2dc7e7a4-5548-438f-9c50-b5ea5e5bbb41,4942.024197596285,3.2752087229342526,100.40906783941145,75.17544736171433,30.8204936461065,6.297401368879793,165.66989133467615,86.97938508108219,4.125
f24295ac-296d-455c-8300-3e3d5947a900,4701.055045206884,3.347543018914467,95.45718318654548,89.87303998774742,31.835876249905517,6.3566914042674805,159.39516079460938,112.78267230939677,4.125
a90bc9cd-f306-4a7a-bb50-7b9617fb41ff,5212.725409848337,3.0951560965037106,89.49663145226565,80.10393840915049,28.438179796821085,5.849243091386351,152.1252846780564,94.3615662686035,4.125
a1a1829c-eccb-426e-bf45-7fe8f2e65950,4995.907234944474,3.0506270106293765,88.4747035534035,91.98405927428506,24.0148731531416,5.773763539188049,149.95657934915408,116.05408736274853,4.125
a69b387b-ac13-4c6a-9789-5aeff9854fec,3553.669695171673,3.114870674370694,92.94281861197882,90.78196958107448,26.943922785444993,5.827700068459015,156.94515890625817,115.28010086708504,4.125
dd130ea0-e49f-4f7a-960b-48d5e4e8f1bf,4413.183174283013,2.978230793038148,89.62940387258698,88.46096859184495,20.959506262775065,5.481826654726023,150.41404360608618,111.03776368278375,4.125
c4865936-3bbe-4c46-bbb1-db779a49134c,6500.080970934722,2.4044307590672145,41.88385320989025,53.56383003054653,22.660986483371108,4.764553760556489,84.97185774986761,63.98105283136016,4.125
ace47790-7e1f-48a1-9fd9-b22a84ea9439,5211.930455201313,1.4347527648850888,23.19132405948092,49.74937296231029,9.100433822633136,2.7536996877548896,59.825308268190234,62.10320336366196,4.125
8a7a551d-1c4f-4644-8ee4-91e7a36aaec9,6522.9280011927785,2.286922207887746,43.043576659636955,59.57540372327541,19.414854763019928,4.504660301436802,87.46407825297032,75.698368283474,4.125
1362ef9e-4c69-4709-bd50-68f4750d8ef8,6009.5863188156145,2.146196954829763,38.63510823071198,61.83488811756546,17.285630449460484,4.164023739190615,82.09195340248951,79.76836589497094,4.125
4b0c1c33-2414-4135-bd7c-7ae14052ed55,4250.3643446531,1.8513880792816395,37.808253983808605,58.77012470898849,11.248378846783764,3.42197773488089,75.58148569699836,76.58398717120372,4.125
1da469d6-983a-469b-9a9f-93027ff1ca95,3670.8503971223377,2.267365560969002,52.109681808119404,75.82431271149927,16.42403619746006,4.301121110847094,97.8338503326122,104.2882811383626,4.125
6495043a-2e64-4ca4-97b5-128e81f1d2d5,2038.903650560207,1.6540723197583604,44.07490937739991,64.91327648658522,10.792687103665308,3.2408655214690647,90.92240044820565,84.85822001633404,4.125
f2edc6ff-e04a-41a2-a0da-8ca06aaad020,6001.196959619524,2.451603293613572,61.83190846017576,68.3616041525774,18.612973168262233,4.630721425928489,113.71236304780555,82.03124586501144,4.125
b3554123-233a-47b1-930f-49fa88126ec8,5056.3058100963635,2.784305901104712,73.63690263361957,61.09105682584932,25.66206456034045,5.404376315972966,132.92071415479526,70.12508027178298,4.125
851e2374-69ef-48c0-8918-c56dd9de72aa,5260.4612400292,4.057542112231116,127.83553120944674,111.80065653514562,44.17935237903365,7.820253343972687,200.37848094841686,141.05090062972934,0.0610000000000004
60e6b712-3a10-48dc-a1cb-ac2db3e3ae58,3349.281614251987,3.9938345803950885,135.98994121696234,116.06849345444346,45.303728105499054,7.784336253114041,213.24782788864144,155.62236182715725,0.0609999999999999
7daaab19-bd10-430d-b424-4c2008668d1e,3329.094211726737,4.059121074610565,128.82310460981608,128.58948475684844,46.912396459052076,7.977220565082933,192.74649388074292,186.0585958675657,0.0610000000000004
347aa17b-d5e4-4074-8b0d-7036091fc7a9,2982.9440144898845,3.7625213333643255,120.07132021426628,126.66720011927744,43.32196484503476,7.546144168870828,190.1086795018508,191.35782961473757,0.0609999999999999
5fc579c7-6d2d-425e-b38d-e495b218ac53,2960.014393167097,3.7605734053243234,130.9118383155221,108.07356197694959,40.42085743457286,7.413507895154608,214.61726434082505,153.217176501576,0.0609999999999995
de23190f-d0ff-443b-b9fc-68efc445b715,3074.1533420445116,4.005737756901152,131.75765171655652,118.95059757727591,46.63126017710806,7.843448873278356,204.7648356749579,167.32240758683955,0.0609999999999995
6ca86998-660c-409b-87a1-acae8bad44ae,4166.7719385612745,3.9090826821780604,128.0484989223675,117.64489430382375,40.56372546232454,7.5710559758213085,202.3560256022875,150.43334251361009,0.0610000000000004
69e4503a-38f3-4e3e-b9ca-eb620e387fff,2669.3494303579537,3.7010169192769,129.61516668368037,122.13690657983912,41.028534994787606,7.316474182829668,205.48309093192046,173.50022148310893,0.0610000000000004
d54abc12-1e8f-49be-a86c-6c5d555cae3a,2832.704089902928,3.6120008779073576,131.05443677898137,117.7954267542145,35.669243944414504,6.9859170190648845,208.373551289381,159.03963766998302,0.0610000000000004
a6e1adcf-d688-41eb-a713-e440e01e173e,3059.428995753706,3.7220871607891377,118.31821620668626,133.84951248639837,37.72088648416952,7.201447721121178,184.47631769007342,201.43048815780273,0.0610000000000004
76e725c6-2f8e-4877-8df8-b34f03ae16d1,3002.330591208742,3.877543917243927,134.2070982144048,116.66963634515011,45.78192946119957,7.693838153903746,214.93061854685604,158.35213166584984,0.0609999999999995
405a6fb9-2db6-4127-849f-7dea62d17501,2874.6118838937473,3.740056729913173,131.26994250107896,123.22224115480624,35.19863989717223,6.9825369207118335,199.37380391180173,173.140989910849,0.0609999999999995
1be2445e-9a13-4964-a602-e068ce13a64f,2864.617143858532,2.958446694439604,111.44817165605203,106.87200292720425,27.834279456838235,5.846990323766859,194.3057810107267,139.90137497945437,0.0609999999999999
bfd1e299-a9ef-472b-b544-822722697fb7,3797.192707019039,3.796400635903492,129.029326318492,104.37365718824479,42.90592839038178,7.554803312445262,211.35643946592134,141.99640759595718,0.0609999999999999
0afdaae2-9662-46ef-baed-9e77aaf0eb88,2556.607152774353,3.459202956471691,114.62089549364417,123.7978547958829,34.85468616849583,6.846392799163669,183.99337074729283,189.38959838172002,0.0610000000000008
d5b5058b-acb6-4bd4-bbd7-afeb1edbdfc2,3657.4890687998945,3.672248027670364,129.39324648305964,105.39682780663084,38.57921973061574,7.1340062608208,207.6017372196313,134.5249751302172,0.0609999999999991
c35d0bab-985d-4a75-9f79-8b44fd27130d,3494.40529881482,3.868772725988996,127.62588309312707,110.60911017331296,42.710584735797525,7.60549077488692,204.96230829697427,149.65508974091725,0.0610000000000006
7ffa783e-965c-4643-8c84-d2cf859172fa,3200.140537516621,3.4121844835624935,103.85259547426723,140.54671838523223,30.92174652470186,6.489597532477335,156.59828352179102,218.21932314647268,0.0610000000000002
a1b943e3-02f1-4714-84b1-2f3fcb2468d8,2828.8599808013632,3.4891986221835816,130.73215027764837,96.64984391814639,33.75951046634252,6.773113984657784,213.83013965457423,127.6417760683726,0.0609999999999995
d3147b70-2db3-471b-b241-37756cdf2501,3222.490120769885,3.2565342866718683,115.51540444859661,114.33814276827371,20.932226162786222,5.813184329476013,180.44713777816034,161.8494819554024,0.0609999999999999
3e2d983d-b229-4378-8d0a-1049484eb1f9,3209.5167744250075,3.384933814606576,120.15391103312979,115.47446379729766,25.85899517223533,6.193861737862241,185.40528655028146,154.4866152882124,0.0609999999999999
227c13e9-9608-47b0-9b8c-fabe34383242,3173.6100304057168,3.48384201073499,126.8259393273038,107.38182326025117,29.03525231026187,6.435751028185748,199.3382563086553,140.11361831173872,0.0609999999999997
62dcf590-db3a-4014-85bc-04d72264d36b,3259.911967029211,3.0231724261107735,113.06884271197708,101.04404960975234,18.3578353854783,5.675777205252053,182.479378050874,133.8742213569567,0.0609999999999998
c252aa31-3768-402d-886c-2e6bb67e485e,2645.265462452669,2.65172234601869,104.85430319887345,109.31467902493662,16.578696502941277,4.9940641774641525,171.70351417119036,158.25254891704168,0.0609999999999999
6df1d589-c1d7-4b59-ade9-4e1c9e967629,2351.0251550823855,2.739259417486567,102.66795534582707,106.8437275127947,20.610594867929205,5.191988318863494,175.62613212396886,155.0005892791492,0.0609999999999999
311c28e5-5ac4-4d95-8d53-050421b7292f,3614.780238106908,3.382490035922937,110.2422969067589,110.69731766133447,20.35938880065568,6.0673977046674485,174.49495284595812,139.82772666507128,0.0669999999999995
416ba33e-dca5-4e44-b05d-f9e25eee659e,3649.10537199795,3.6632170683454133,118.20994611819121,119.83046266562958,25.427749171505667,6.506259997413405,175.02213520198794,159.64268136096553,0.0669999999999999
dc110172-4456-4667-8529-f7edf6564400,3398.95028331965,3.2751437264327445,107.56901655390007,112.7948983346758,18.56144992812741,5.9870162957826025,170.9997590851484,146.12724286812664,0.0669999999999998
e3ff7edd-17fe-4333-b60d-f5c4bffecbf5,3490.517938223968,2.9763279666374642,105.86157167672549,101.43341378377661,12.317164050624147,5.227116236834349,170.4934131448845,123.5758612652314,0.0670000000000002
cb1f53ae-386c-4938-bca6-99916f328488,3100.9813718956184,3.452344577936855,113.0204975772327,118.56084743703175,25.023396057090046,6.213706672022868,169.39259499918404,153.7011398662686,0.0669999999999997
4e538e1c-33ea-4a43-b6dc-0d7e760afaf2,2627.7253605167143,3.0177849985403316,108.47881135912839,103.54936004896649,20.094958513181773,5.481870512620118,168.25146331391528,144.09407379668625,0.0670000000000006
5a3cdfe3-c013-4d98-828d-245dd1f5b0ce,3835.795140296225,3.912878404073828,115.91393462757354,128.72054692596282,48.96580060117018,7.925201318844766,187.04052913901376,187.85410656641795,0.0670000000000006
864cd7e1-5e91-412f-add3-ae35653f8f7d,4550.352894220278,4.215270495702806,127.86620435903497,120.97818049559784,47.697070946072664,8.081446871264319,195.59123369510365,161.08332046692973,0.0670000000000006
c4372eb5-50ec-4372-a394-098eaab69812,5010.346211877954,3.9618225426227167,123.5579498811221,102.78927252702425,49.86683236313764,7.989277369104991,201.79298169661612,132.44977957797767,0.0669999999999997
c25df907-32cc-4938-8e4c-8d228ef822cc,3900.044640243561,4.0662580082887825,129.75735312633304,117.1013531144143,44.779403279231836,7.864457465330865,201.16430492231459,157.4791016133224,0.0669999999999997
990fc215-2fd5-4e68-8037-afdc660311b6,3622.5766250128536,4.013565692097589,125.17152349267296,131.09416088462348,43.282264699910364,7.743546454828365,191.641767519611,182.54657752742654,0.0669999999999997
a9c2731d-7a6e-43b4-ace2-86f3cb5eefaa,3078.3441619898235,4.059314688022832,137.0385852027994,113.49421091018371,47.271430417832846,7.94845119179711,217.71001934847982,158.68928221645788,0.0670000000000002
64abf681-cafc-4f68-af57-125b415bc450,3026.459346896394,4.018356368636753,128.50190433553436,129.9033183762299,43.26951964208688,7.714688636539057,199.02095337277976,180.6443766899007,0.0670000000000002
a3839e74-4891-41e7-bdb4-2a718a72535a,3197.220812335837,3.5448184143844275,124.66696438834057,104.12441156419756,26.09546083230102,6.46209981010795,196.92331367865347,134.4643633985739,0.0669999999999999
894f976c-480d-4764-ba55-770951d5d556,3100.577612276649,3.445460407460294,121.93170327382533,117.65048077550514,24.34828910674414,6.226105820161827,197.93077772606537,153.98307650915996,0.0669999999999997
6af62c35-cc57-4fb5-8ea4-672768514a66,2424.203365820845,3.4172455957505656,116.35696495193608,122.1862831078967,26.37212154588201,6.364997351146435,188.73412491159255,173.7414746160942,0.0670000000000002
80f52efa-6fc5-42c7-95e9-89c460443161,4171.311238469723,3.9514122644091243,126.08796059725853,112.67020866006553,48.360908477955505,7.949938315840308,203.96204566724836,147.63427065188216,0.0669999999999993
ff20120a-5d99-4d52-abcd-a89d19e0c87f,3137.2987166517923,3.848197704957348,131.98812075435595,113.05925251837301,39.33430742049993,7.459693021992977,210.14002635438789,157.6364119680445,0.0670000000000002
c4eb3957-ba9d-4a03-9f71-eebc1cca3ceb,3724.1253662291415,3.927683854661077,129.45918766162612,114.75213571766223,44.04869673853916,7.441492224709764,196.30666128751443,153.60888746058856,4.125
0628a224-40aa-40c7-be33-5474d65709eb,3610.220749299492,3.3408103015411723,123.82209225204895,96.45755406758299,26.721734460983637,6.0374472219202024,197.66035341351625,123.76139294956275,4.125
c36ee690-e1c4-4785-952e-2929c17f6ca5,4285.36781253704,3.623935321771325,127.06921757471841,98.79451806962116,29.44983707284414,6.450891762738732,195.21112132014758,118.5598952193006,4.125
a71992b8-9943-4961-9e37-7ec4a61dfe88,3833.4112643663902,2.4002849422082506,98.52012035501879,76.54388863251691,12.56476586097811,4.012923585749374,160.09725585151423,89.52212278240053,4.125
07f45191-4573-48aa-b44b-e542938ed53f,3718.972512889612,3.2478811779324213,121.98463476357324,101.78680405330306,19.147030060843072,5.560589478037154,189.78267603294515,124.94592342367885,4.125
8e900e33-682c-4bb5-9ca5-829ea083352a,3516.7675732713697,3.5878233311343144,114.91792670873726,110.71432025171913,30.102891331465155,6.556459022968169,177.6394464613631,147.73373041663464,4.125
05bd697b-7c8f-4b1b-9e3c-8587ee0080ed,4026.825558860957,3.4705949605038686,105.33170277569418,116.48362583248752,29.505965383721676,6.432612854426709,165.34030890106044,163.99418636854244,4.125
09e9b37e-b5f3-4814-aaaa-641dd5998ae1,3578.5610466414932,3.304688087865505,101.65639410458861,119.20789874005592,24.7007593719102,5.9745259861246,155.09023759083158,166.48268340849708,4.125
d4939765-8d27-46b1-bf1f-753405e43fed,3731.3714050561744,3.1367922722046626,101.39525036471909,104.95988259691313,21.760997481495195,5.5696641767688515,156.6721676304618,144.77644165369176,4.125
2fa09330-461a-4a40-9af2-d8ecba7b129f,3833.8695858020387,3.797813790584417,127.16572339280016,110.7295497937754,31.761345014757165,7.003996326087962,193.4393519385895,141.33169874555173,0.054
e678370c-3939-4c29-bc29-65d5d4adc30a,3718.8829987164067,3.9708480500632493,132.06353649301303,113.16313114349313,32.28534984250466,7.218063491159157,185.28703041149728,145.04883120574638,0.0539999999999996
5040c351-6a33-4f7a-9178-161e96da08b5,3684.7272373478054,3.824335604862818,135.42169553642086,102.78478157954115,31.82503440362768,6.967838882930914,203.61421770954934,131.95077701263634,0.0539999999999998
0d3a645c-ead6-4ce1-b85e-4b88753d342f,3809.2922485053014,3.6702885648101877,131.79236537407823,88.79111193056727,30.502131105657273,6.762927991361263,207.83171108976416,105.92986977573467,0.0540000000000004
10c1bde0-fbd9-4a85-a68a-5b55bc627290,3460.4239725915127,3.879034053112707,131.84390447203623,103.84132327871028,33.653823166896146,7.334988451042184,204.12959334989267,134.41262853942416,0.0539999999999999
18abc46a-4cf7-497a-b6aa-853f74a90402,3845.2882250433113,3.6284420478311596,121.79405464241047,108.02026152078741,31.27315259725022,6.650142456225924,185.6828379028881,137.4896362021584,4.125
dceb238b-6ade-426b-bd29-8910eda606e4,3540.450519174248,3.3867732884682287,114.82117416015379,116.595060931973,25.99124730205164,6.013133928176769,175.55505976122302,157.9724131150286,4.125
bd49cfd9-436b-4286-a64e-df1d557b5477,3400.209762514741,3.579490340983711,122.95350700548717,112.90631840613705,30.636431656871387,6.498800720043424,190.42400214887886,148.38098721380513,4.125
8fa22e69-a346-493c-ba94-050d9af80dc7,4039.5748118816014,3.6870063232926156,121.15666206199278,116.56884465925204,30.097496154222934,6.417724669824116,175.7582455731983,156.29432579212033,4.125
8132f0f5-37a8-4121-ba19-620a1fe5f5e7,3751.2954426616,3.6761499487973546,122.11279764433867,111.823430489684,35.697606766701426,6.786397668519023,189.46838841568055,149.5963214754362,4.125
834d3684-17bb-4ee4-8da1-cfd4b1164b23,3630.025849391074,3.443297910249712,113.7263137128391,110.82615889580188,27.956666754503576,6.233217248154133,177.373682456668,149.6925140827383,4.125
645e6b14-7346-4b24-864d-839c843cc8f3,3055.88431103949,2.8720164757362716,92.19853435266575,122.26714800388493,19.901741226823415,5.02715837604973,127.92846215793904,182.70449443618978,4.125
63a9936a-ef40-4cfe-b5d3-ea1c1c697537,3616.6669276936937,3.478310996177089,120.65901722878854,108.57328407549646,28.092140226107173,6.326837784228964,186.01284943932646,144.9997532267173,4.125
4095f85a-bf18-4685-9e81-fe4fdec68981,3649.2715358038354,3.401262761892062,112.22408937742307,121.90890266816737,25.83111180354136,6.015847321787365,164.28920287466408,172.25845194844118,4.125
a933165a-174e-4bbd-9ff1-1cf44885ba79,3518.4074232892185,3.0396481522059573,98.5539172701987,122.3864588839445,17.923458966958666,5.1943421589057985,141.23502093864732,175.74701244303003,4.125
bdc3e3a0-7c93-43ab-b135-7353cf6fde20,3619.9524151982364,3.5838380813741555,118.37877118846687,117.3993177001838,28.18546012178292,6.380294800437506,182.41284074669795,156.9075395883229,4.125
