track_id,launch_spin_rate,apex_t,apex_x,apex_y,apex_z,landing_t,landing_x,landing_y,landing_z
065c1384-11e8-44d2-bf1a-db288c0ed636,7205.104826172836,2.474356513734194,45.46608715172378,83.83209733101383,17.200823048317037,4.743906450038017,82.82886770107497,120.57247233637098,0.0610000000000002
a97c3116-70e1-40b2-afd4-1a00b7147363,4106.027167475394,1.4932181932892399,13.837584399036501,65.2123543399268,8.289138933911111,2.9368282342730323,38.69226865091002,93.49635436797075,0.0609999999999997
c2dd368c-3e5a-4ed9-8e6e-db8551dd47ac,5813.975634066226,2.5323786285113195,56.11528646882979,78.96636614900841,16.617181665551865,4.8781492078950865,100.7773692344044,107.79759653595599,0.0609999999999999
dc80735e-d8e3-4716-a20b-73c189f9895d,9026.84588985615,2.6230539534670414,41.20829128503368,57.176343225696726,28.03327443840091,5.396636803566078,89.30009468474616,71.52651479113479,0.0609999999999999
9552ec97-ca7d-447f-8d11-5b17bd3dd31d,10122.463613554484,2.517109389370641,33.27526878456307,62.62638516460059,24.675584937764896,5.212543966891715,73.37645559343316,81.71387341105626,0.0610000000000002
58f8ba48-c1f0-41d4-acf7-5f03009f021d,10136.134086120697,2.525641574268033,34.5375533631073,64.59701843999268,25.339576535214647,5.224911921625892,76.514576699283,85.3697370815134,0.0610000000000004
d6e63f52-a798-467b-a0f5-f99e65bb95f2,9802.105443493103,2.483708809375923,33.993535775517316,57.917213054703666,25.381929601478618,5.153098101916181,75.63070144520152,72.69955100774159,0.0610000000000004
29a7d003-5dd8-4bf2-a5c3-b43a0e62f453,10549.60273038088,1.9774087660976647,18.89025741572992,53.852680792879305,15.90540556236177,4.010478437201089,52.38933791977385,68.6180836199093,0.0609999999999999
2557cc62-a469-4998-bd82-3ac4a05b6e1b,8387.923987577478,2.429239482773595,34.53976688125826,74.03609544440737,21.352885564350803,4.87995310429504,75.21688759935468,102.63398039210377,0.0609999999999995
acfa182f-177c-4d4d-996d-c573e242e566,7827.366083646658,1.8055594391107086,21.11986450654923,46.139921154877875,12.707656732769872,3.720209883806559,57.42684045312807,51.99786260516318,0.0609999999999997
0486ecf8-2e97-49b5-9e21-5da6b7780770,9162.202581064288,2.9807960251805565,62.74062204853357,79.85212295074943,28.513923709781768,5.845874278317823,109.53075350190572,103.95604055463804,0.0609999999999997
ed127a2a-c0aa-4757-8860-ce5f98df69c6,5774.670359641237,1.529769168862183,19.834447290916728,42.677643130149335,8.990704537093258,3.151680531850598,58.58069966255065,45.6039431130459,0.0610000000000002
d2bcae15-56d7-4a9e-90e6-95799e3a2a35,7507.613977864261,2.3236092817116285,42.71326724918154,61.370038280541436,19.075286111049227,4.709385475430419,92.49644424692715,75.57713091071045,0.0610000000000004
72c0ba08-8f1e-4565-8717-2324993544a9,5659.040215515463,2.2467309304760343,36.88196983314573,64.70274439919748,17.13001154808401,4.566941931360002,80.91897736578977,86.79460687579417,0.0609999999999999
de5c76ee-26b0-4d84-ac1b-c4ab47500671,6039.658070880682,2.1475095816347216,36.853236417252184,68.40363151187219,14.831877205334015,4.204325014004062,78.46526352371642,93.85567737100429,0.0609999999999997
f129a513-86f6-4729-b8b1-18d1e4e43a56,5477.095466294499,2.176546426429868,36.158482054296485,57.65211303097396,17.037347577060338,4.535677226618399,82.22421035431464,70.76892929289704,0.0610000000000002
73067808-1bfc-4cc6-b493-4c447f40270d,5573.002815229494,1.3679559237637628,22.71947854666889,34.88280957286608,6.056670024930687,2.82732266562515,60.99157579582404,36.1360475415157,0.0610000000000002
285280f1-1f6b-44bc-a2ef-476010e16d49,5699.46646898347,1.7617339837210821,25.456968419315146,43.92123901758684,11.25917951326979,3.482701953295227,65.33244304466864,48.280059621583895,0.0609999999999999
be4dd272-b23c-4e97-9d12-f5ccb63cbd29,3507.796315205799,1.3783081728531585,12.836485416767399,64.52261503588244,5.094928504529069,2.701094303396884,39.438905584259324,89.35573001327099,0.0609999999999995
019eccd6-c8ec-4628-bbea-64799279497e,3640.262083806342,1.3648250939804603,12.327273797843361,64.4236545851377,4.9847746790582015,2.6253057306900396,36.71155306447876,90.19125722525531,0.0610000000000002
76f72813-9fef-47a9-9dbf-e4b5d89c9186,9766.704652330984,1.9258200136484938,15.372328097337919,58.17078209751225,14.66515450905901,3.88229919559058,44.14002787241502,77.94166441979527,0.0609999999999997
b23e2488-da48-4a9a-ad0d-d4a4cc9471c5,9137.408711340733,1.87866999856147,14.404366479582404,58.68833618455544,12.599436992178386,3.682387416325143,41.61661028610671,77.15360885095066,0.0609999999999997
a3a794ff-3a50-46fd-8b17-56a2068e39fd,9433.140127713177,1.920556083979527,15.03255961882087,58.64953394583974,13.455833994798699,3.824398109289057,42.39029517088743,77.14851968958591,0.0610000000000004
f2165cd4-8627-4dcd-b620-b54cfad875fa,9407.542727060616,1.9054897445102725,14.127694532786823,58.46981061563876,12.635550224240578,3.774068852289994,41.71049128184377,76.72041718953889,0.0609999999999999
804862ed-3f03-4534-9db7-dda652f24387,10288.409787832596,1.6609734829811085,15.73284503117674,44.91339219273795,9.490773584537257,3.3262401251346208,48.132137570204804,52.94988452628315,0.0609999999999991
fbb23eb1-79e5-4f5c-8fd2-07d12590f9ab,9225.992513740428,2.425731984370661,43.33617208799688,67.98255372963413,16.690769590119036,4.7930756144724125,86.10797694777216,92.49466785418745,0.0610000000000002
a29cbdd8-393e-4c90-97e3-00d9624e625e,9946.356735593316,2.56537906617923,46.564464858013466,72.26218712316464,20.251370894285667,5.017078232129555,90.7204993841134,98.51879608809485,0.0609999999999999
0ddb7709-d9f7-456a-a227-71c9aa57b9a1,9259.634128312047,2.463572667237654,44.61834702829518,71.6767725502772,18.65537710386498,4.843955529231743,86.25836950041065,97.98811777381373,0.0609999999999999
9a4ce044-d674-4cb0-a8cf-e330fa857125,8479.301474980379,2.474846120902077,46.72029431396166,70.23218533037215,18.426436010220005,4.832417232983752,90.72576731439642,96.85768287565156,0.0610000000000004
d854cda9-05b5-403c-864c-f6b21d9655ec,9179.984495209172,2.538040729225519,46.97990485880594,71.7825083930422,19.11806600729696,4.973703900226903,88.0923665357952,96.93963652024982,0.0609999999999997
bd004b3a-5a67-49ee-b5a5-afdfe08e5aa7,6121.136906050394,2.556710548179745,58.406838051725714,77.07486405382015,15.608478615969023,4.819983485266898,101.38571745293109,103.06139978645719,0.0610000000000002
bd39aa44-4555-4e73-aa42-1757251a92b1,5321.349154720936,2.901950005279199,75.1370972797233,83.4163144064772,21.99518154680676,5.645921955600825,131.97362481615272,115.38059444070115,0.0610000000000002
9d5b81cf-3435-49b4-a8d4-7f2ce906312d,5966.115477745713,2.6658947578477608,70.68656509503626,72.58749702786616,14.756501748123801,4.8651275304263555,118.93264887948052,89.34716460937732,0.0610000000000002
9fbfdeab-f375-49a0-b030-27aefcf4ebe2,4782.744725398275,2.383684165885496,54.54341588915397,70.1289666102995,13.26770034405658,4.315938138258767,100.84770735447421,92.9564149094386,0.0609999999999999
f9636e73-ecd9-4959-91b9-20e36e651231,5816.947799773637,2.929489575622651,73.38966631501128,82.48210483205699,20.56409644488484,5.421673344903557,121.3049669819319,110.69489738982821,0.0610000000000002
54c5a503-27ec-451c-81e6-d610eef73666,5569.354636747702,2.6140667132235476,64.25363297475509,81.04050173002751,14.199619527003932,4.757848159319008,110.13656126758663,106.35409043973596,0.0610000000000001
87679773-3eec-42fc-892b-b143d4bd5d6f,5681.337181148414,2.616147374926305,77.95458756165438,62.50702204536399,13.401510704203517,4.798419171738269,133.09910134085163,74.5712082097331,0.0610000000000002
cfe21f1b-2c25-49b3-8b18-447161bf8e12,4525.629417258149,2.4678470403450525,67.6326434638256,63.130916105670096,12.729701033294486,4.611783705637592,119.03349626829196,74.20225448984478,0.0610000000000001
5edf441b-901c-42b3-8436-39c6fab563bd,5204.714580005477,2.2206902407966735,66.54623874756805,57.53122079761573,11.804097496791476,4.157987811779988,116.67755045798665,69.12467500110871,0.0609999999999999
71979658-b314-4131-92ec-87529509adb8,5456.464941594467,2.6426155599157903,78.24230811428461,62.48826538439798,15.988047207493567,4.961300616515231,138.4758226999444,80.38534766643332,0.0610000000000002
271b6452-9b23-4e6c-be3d-8e30b0dc4910,2902.332802145058,2.9921646034624483,89.19881587648821,88.90677738187428,22.743615304914144,5.755402775064261,151.31821180018105,121.56085758147915,0.0610000000000002
67f65d63-9f7a-48a0-b120-910512f23427,3603.79437848199,2.929563353380898,99.10141110553158,103.13611326076865,16.62384090624617,5.228386184601157,156.754038602233,144.6495505541062,0.0609999999999999
95b1bfbd-c166-4b6c-a980-193fd0dc2ab0,3924.7307532857203,3.044440366898398,98.06828357175164,100.66970119807007,18.44276518869892,5.466841203163875,157.72467289760704,136.15822340891046,0.0609999999999999
e50f7ff5-2575-4026-b5b9-6cab680afe19,4104.8431904484705,2.643382889406217,71.38856216517846,66.12395280227207,19.00744715624143,5.101823187805769,132.3380293482286,82.51478195133568,0.0609999999999999
5d2114db-21d1-4805-becf-69734cf00391,2778.717014839784,2.640067556091218,80.39158769104844,80.23258821616973,17.048490335126257,5.013911142385023,144.59480285828766,113.06950281568942,0.0609999999999997
042454b1-8bef-4869-8efa-95e7031f02e8,3649.5205869718075,2.730764426493874,87.38738616529582,89.87128657841839,13.913994443589688,5.236168845418693,154.4016156811032,126.48109993106536,0.0610000000000001
a2cf6bc9-2baf-4ff7-bc0c-267104b6d179,2129.420085529529,3.068823273803104,104.74688081380323,99.69692459135237,26.268841416736972,5.97594400162382,185.9520883829455,143.04312506471743,0.0610000000000004
5ead2d3c-28cf-45b4-80bb-517f787c323f,2047.58560252171,3.057163429467358,106.47517735222603,86.1594285878736,27.87673848320601,6.08905171579528,191.59328588877202,112.28319519911744,0.0610000000000002
205cadeb-9451-42c6-8aa0-70e053b96fc6,4945.382746618548,2.203666092275049,49.165658036012545,68.07071575226213,9.046517872386303,3.981654833470356,93.30558500954301,89.32942901858127,0.0610000000000002
94c42ee3-5858-4f12-8bf3-4a6c1ddabbb4,10588.896419927496,2.673965984731273,46.51832009396696,69.74374787957848,25.93269795996036,5.459580486496241,93.27009798460185,95.41135475355493,0.0609999999999999
aa1d0fd6-5e2e-4832-9565-3f6b32769e92,10442.488683491083,2.6992231180628594,46.974886973512696,69.66671823511584,26.6943411894882,5.540215184531098,91.61293545633067,95.06212374257517,0.0609999999999999
667ccd2c-9b5b-4a22-8411-90cbff82d9e2,10124.358089367834,2.9356167032864073,48.489027574554,71.16656434138086,34.03220147564563,5.9307427269271615,93.18329019704163,97.47878001001688,0.0609999999999997
18cbdb71-2f67-4e74-8702-b88b142b1a49,10480.987007866019,2.9253285992378317,48.76384160109574,72.11011024862592,32.09612749395862,5.886724626688104,94.21782440112024,98.35700898632051,0.0609999999999999
046ef719-e596-4bf3-a6d2-0efdc7461188,10413.784490312373,2.904002567484828,48.77493976974746,71.8522684833379,31.97492667583938,5.850671571498938,93.47162480391219,98.68378086520973,0.0609999999999999
f667e2cd-1546-4a41-b21a-ef797d0a4a57,10351.662943222243,2.7326397823375985,49.265846598795775,71.86735425301093,28.120380445887694,5.604943440181025,93.41952845114655,98.81689017811993,0.0609999999999999
fbc599bf-8339-4657-a7ac-0e086d546b67,9764.65546103752,2.7970894267226893,47.50464842474387,76.81490043894452,26.575508399284523,5.529833735401957,86.4122087222079,105.628339883573,0.0609999999999995
8b516507-24cd-482b-8d16-8a57ab38fbb9,9054.107429922504,3.1432563397836497,64.25789404426668,78.81442908794409,34.134482186284984,6.258835257352795,111.2643470639899,105.8086139741511,0.0609999999999999
5d5590a7-36d6-43ec-9055-94f1da1c36cf,9192.11628137273,3.1962571821939036,65.10672467415196,83.0107292338787,33.83451320609342,6.461228494928053,116.37930364436514,113.87370626089518,0.0610000000000002
7f1e8c76-e15d-4af0-bf35-89ca627d3452,9342.293802325687,3.193892976776858,65.76093011991688,78.34746728150652,34.34913723021434,6.2924334789748375,113.35605602433046,102.69829251145784,0.0609999999999999
26b6cff3-457d-4337-99cc-331955df85a0,5831.102280634777,3.308250264479482,91.16186120410833,80.04049488964242,31.75368754027135,6.424161883547033,153.035226224477,103.175809733237,0.0610000000000002
79e47389-8820-44d7-b7c0-6e950b4f2cb7,6150.909143092616,3.2516308858298393,93.41182639167653,80.90997434114902,30.147559710188364,6.371918461457232,157.91323507877868,109.053013000291,0.0609999999999997
d74de485-c6ab-45c5-96e9-f83f4196b7fb,5344.731736582914,3.2938388835512895,89.67383141990041,92.86749447486656,30.066428156350177,6.37434018391587,149.7751530603271,124.21615015524256,0.0610000000000002
a8f7f150-6b4a-4d84-81d8-6a09a2ae8f69,5675.5407759834125,3.2863036143206856,93.63251253998752,86.29900169831564,29.588260095761225,6.33629896247028,156.78493590629694,113.58303217147116,0.0610000000000002
3aaa3f0d-ec85-4e13-9f07-68441460bc50,9845.806272600092,1.6498903564973937,13.868644747857779,49.691420149808685,8.961554943787815,3.2934185487529932,44.138514137860355,60.142390260821855,0.0610000000000008
bbb67396-abc1-42ac-85d2-30ad28fd17ea,10045.066780148027,1.8071492958200028,15.07172711478037,51.23630433612401,12.36453284623077,3.64880037503991,44.37475487162499,63.50698588188379,0.0609999999999997
78560113-cf97-41ac-b047-8f39b6ae460c,10286.508669408639,1.8237105987192972,16.286017932626994,51.321467360851045,13.34102771383299,3.7948195661633886,44.62907461438393,64.28382972076233,0.0610000000000017
5ea7a8c1-23bf-49ec-94fc-da69d28234f4,10090.647855535814,1.8862404844815106,14.104233589071221,51.73363287808172,14.260686396706806,3.905301940287328,43.742704976033345,64.61692403548992,0.0609999999999995
6cc72a91-913e-4736-bd40-ca013a3e8295,10162.76186913657,1.9364197319635108,16.052193835563795,50.9886100607515,15.358042363004094,3.9713960285384373,45.606991840411375,64.72280646598878,0.0610000000000002
2f1acd30-2a59-4ecf-83d6-e89931ac79b9,9196.823729816411,2.26932770081868,33.02255081164359,54.685717367940214,17.4990426676186,4.54269310718934,71.61413584165425,65.45523807990656,0.0610000000000004
ba506784-037d-46fb-84fd-bd7c55df4847,7705.693276124781,2.3144302787691693,36.655922410244,62.51834868854283,17.92076292826954,4.709248513759656,76.47415831344271,85.05366435495293,0.0609999999999999
170c3371-8968-4128-962f-7d9b5ac27875,8196.663039247933,2.306876541885517,34.69351538976092,60.290208978218715,18.173411857931082,4.669995308637462,71.95575463936461,82.52125346657064,0.0609999999999997
7a4eeb50-e853-429b-87b8-c58c1da17c67,9569.355147845521,2.4074713209800316,33.46773227044048,62.66657087105345,18.719545540282216,4.765478791822982,69.55615889397157,82.84936043089729,0.0609999999999999
b6887672-1f22-436f-83f5-6e7b747d4e1c,9411.524169116981,2.5346365576097396,39.62399848222432,61.878524620173096,22.024625288026563,4.971978571872042,79.94438121127851,81.17463152431273,0.0610000000000004
2b2a55db-60ec-49cd-93ca-27fa33037678,7924.217849510843,2.3724159846949378,35.18966904399962,62.127081156675416,19.485417874549874,4.753429807459983,72.77073092005959,82.56805704705081,0.0610000000000002
ea1553c2-5c39-40ed-a770-03abe6f267ce,5917.033757836661,2.4463939894938678,42.49425506237645,60.23956037351919,20.001021784643864,4.841132894525407,88.10042816434235,82.09591752646025,0.0610000000000008
559f9387-ec7e-4f4c-a9d9-d7fa83de59ca,8345.248350267439,2.547388812445026,48.831079628033855,58.248364836827164,20.602825181764093,5.045929454244582,90.8746150053213,75.01504394217599,0.0609999999999999
491227e2-47ad-445d-91d0-74c64324e7d7,6906.9000038296335,2.355509667331846,40.241271427913645,66.59337620383103,18.391201313970058,4.746733519934486,84.18115976173756,92.3932776049241,0.0609999999999999
89cafbe6-859b-4c09-8326-7f78a2a35b40,5952.790523466442,2.4110223847537404,43.457180881046796,59.59975546173025,18.207006691285148,4.808382653564874,90.43008059548958,76.2522322419648,0.0610000000000002
77376e26-4b73-4547-bc89-7fc10dc9f8a1,6956.509097567565,2.528618605661106,50.91053981667249,66.87338164942307,18.991508731142044,4.923482224821375,99.18244025781351,89.45636230454369,0.0609999999999999
01436dbe-011a-4f2c-9c8c-ad0995d3deaa,5633.7848305891785,2.521626044569385,48.55261796722139,57.69949074865723,20.415787075391542,4.978185165743966,94.53114418802755,72.54236731063654,0.0610000000000004
b62b8713-0c07-435b-9587-bceb41783ca7,4322.275190178354,1.696008819631801,25.914291794558867,60.54614832628992,8.091491165183646,3.2887594903629873,59.86599661392319,88.85358942927661,0.0610000000000001
3b572fc0-c712-45b6-a54b-a211f9a1e855,6645.318994506811,2.396308834235991,57.91488536613714,63.964800090835084,14.826370004375063,4.489409106684205,105.23754201290053,83.59323852288544,0.0610000000000002
a25aebd5-1d5e-4a2d-a6d6-bed151114428,4624.156327470568,2.3127749415539625,56.36440603118194,73.11401880532755,13.940616134669066,4.380224116278815,100.86787758012629,104.63480220419683,0.0610000000000002
d7fdd9a8-1d80-4ab2-90c1-479a24ca098e,5342.922445418909,2.2886113251379374,55.370401525076325,66.69914892087385,12.286524392900297,4.329514820718004,100.5065972705514,91.31405544518312,0.0609999999999999
2fe63d5a-bf78-4bb2-a686-be1f39339798,4780.472316144905,1.787893060577078,37.58594893790131,62.67074939384485,7.904788411434092,3.3759571768378636,75.153413653428,85.52145675961616,0.0609999999999999
d7f8522d-0158-4495-adb1-59ccdf051f06,4398.744330965716,2.4435558394694263,54.6889557130674,64.83861630570705,17.77049181911564,4.8121833249589745,103.6217499549405,93.2739793548884,0.0609999999999999
4149f908-5895-43d6-9d44-703a5079ba00,5875.09176640343,2.594467636464888,55.58397506125138,57.97823803296383,21.237090464647153,5.092718535046956,107.09499228222516,70.71716697155823,0.0610000000000002
c452a8df-fb9d-4b2d-9bbf-7d9acfac3c64,5251.648282137635,2.814025157625164,66.16251244111479,78.7006071904184,23.634286109253015,5.477501685754153,115.53363425127161,112.36314551039956,0.0610000000000004
460f06c0-b95e-4241-8a71-b501e838bc2b,5244.154979542472,2.7376035181250336,67.79758881536806,78.85834750601997,18.109690402919515,5.067104846534973,112.2133890251737,108.97742775205339,0.0609999999999993
b39e34f9-1029-4c25-8cf1-6296b79fc83a,4209.503701328989,3.0466965015865513,84.28451268967807,65.95841241193156,27.02146396084606,5.973404183542399,150.16636260451656,76.54695087936065,0.0609999999999997
bdbd98c2-58aa-4bb0-a104-e10b74b644d7,3812.0643018005762,2.9948184538508644,81.20453566736629,75.5786524821349,26.74744567690531,5.975480160841876,146.89898568703458,104.0065775986989,0.0609999999999999
4d93adb7-e8af-4862-941b-ade9eea45e72,2397.861937213327,2.764666250898809,81.07238405308027,79.59954442645447,22.045286616356247,5.430436345384501,142.69146384556842,114.62521172377417,0.0610000000000004
3879122c-24b4-4286-9e3d-8259524ed42a,3662.611226418437,2.9120424824694084,82.29667802020704,81.97788204042791,25.0633110933332,5.671660314082003,141.6576827207055,115.10383108329873,0.0609999999999999
6ec38a2b-eb4a-41ea-b66f-05fff95cdbd6,8655.119930818777,1.8982345609716667,15.251714253847885,54.856098171993395,12.646563374650887,3.7346428228110753,43.50018445291477,70.47189723741032,0.0610000000000002
e91a8a1f-defb-46cf-99d5-5811bd73963f,10254.465116532903,2.1994949102780117,25.565321939879794,62.08830570442993,17.339467364725646,4.50703326423382,59.196231428859754,83.02591749807416,0.0610000000000004
3eb9384b-5a9d-4ade-ae62-a7c1be2558ba,9436.335965787588,2.115939320405301,22.283942999180667,56.201412550859544,15.364506197705753,4.204331373199444,55.74407196567081,72.83366549556193,0.0610000000000002
ff3b20c6-b531-40e3-ad06-01a9839661b7,9073.41763719114,2.042617160934929,23.935862034068734,61.9329790480336,14.96636546840918,4.015983744661399,56.616984004578015,82.06179253653515,0.0609999999999999
f9a8bdb0-87ad-44a1-8750-8afb20b99747,6495.527757746791,3.0287460304019027,70.75581079821254,82.73122506843276,25.373512589782102,5.767179386110461,119.58027446458121,109.36068523560368,0.0610000000000001
4eb60dfb-095b-4be3-8253-45b92fc87274,6624.655850963763,2.900622939400283,71.68199327557686,83.78837568445344,22.401284012450596,5.6067438567634,126.40276488274593,114.30318123387096,0.0610000000000002
4bc6499a-d45a-4100-9e40-08df54b338bc,6525.00455795236,2.9271519836440927,65.91748031237914,87.04619475194927,24.82686192517764,5.761580805184428,116.62408882339837,119.73839864054852,0.0609999999999999
a7665d5b-a238-46ad-a349-e269d1e8c226,6290.058539268037,2.6531287135880053,61.510467867024744,82.23419376073147,15.062905329175221,4.843383973381302,102.43231089571624,109.70019491542051,0.0609999999999999
7acab961-836c-4b84-99d7-d58b988ad51c,5820.4057585460905,2.6437958309331515,63.639761414303806,81.87191374450923,15.776897128006086,4.848484640025351,105.91695231553118,109.21732320578617,0.0609999999999997
ed976902-152f-416b-adea-46b5302bac36,5626.91256138754,2.882219776496802,70.64751913545852,85.72327800864521,20.75363318722747,5.423119377564546,120.63516028299158,116.36467929349267,0.0610000000000006
c704d1f4-814d-45dc-9d8c-735336b227a3,5721.45580359485,2.9786013600565933,75.69704744273922,92.76071512753155,19.66515045144318,5.780230624467972,125.46395415081327,127.00529553100392,0.0609999999999998
fc739e37-5ca9-4c36-8da6-e50bef08d2a9,5454.351917372884,3.06492547049407,83.42134757973653,88.19245065237612,19.634217514420136,5.7893647043313345,135.74353947086692,115.23894133159655,0.0610000000000002
89c23458-250b-4b10-8e94-8d499bdd5498,5832.959423162727,2.792783012172835,73.96512654462441,88.47403360472924,19.77819687891782,5.467534825290332,126.45938565200778,121.97829817892125,0.0610000000000001
6c86624c-abec-490e-be37-360da0dcd20f,4879.218150557266,2.3986114545568675,65.26913070879833,80.79126881068686,12.260918162235617,4.388873471250039,108.2561614396172,104.91798186393389,0.0609999999999997
44e63caa-fb51-44a2-b544-aef1dd698946,5653.125391389972,2.545363731661497,68.78287340953977,76.51946989726495,11.796724070402817,4.471619161325807,116.41785935543724,97.54731673784394,0.0610000000000002
864c741c-d150-4079-b123-52069dbeeb30,5057.8283362274,2.824159719852079,70.7774715061684,78.26869565614898,19.80694591532101,5.257674277914684,119.14593410899846,103.91333607398175,0.0609999999999999
db7c1bcb-9538-4ef6-af7f-fd9eba7f0139,5543.78044897014,2.7991167922284483,77.14611539805026,81.20934765426274,19.40340595389016,5.413383303809091,133.25751408771373,106.75776325704369,0.0610000000000001
2b7f70bc-cf60-4da4-9c52-4ed5b08cb0af,3246.227574817798,3.2333601467628585,106.80192340960228,104.94499738737277,24.04214303050151,6.072166774977873,178.50151470439627,146.17077979961482,0.0609999999999998
10f71e6e-98d1-4f04-8381-4e7f9a582ee6,3152.7264130759263,3.2217413701578153,100.01477974124134,107.56960357564691,25.077799322263967,6.104580862244457,162.60279220582134,151.36083478442478,0.0610000000000004
2a249c7e-6731-49f7-8ae3-67a6bb53fb71,4187.579949574089,3.4000643970357762,107.6975510700399,97.79625973589536,23.48618989239737,6.151515264066598,173.21544807883174,124.74768605799102,0.0609999999999997
bf6a13d1-20ae-41cd-acfc-3fd6ad892592,3676.46934983273,2.5435499063620313,82.58321385281269,108.32560462358816,8.06305990580593,4.345209800790699,129.3235399602302,150.90174585944877,0.0610000000000001
2b8d7290-83a4-49dd-bda8-8eb6f71410eb,3274.384878478598,3.416061750517355,117.7806338777703,112.2857015583706,27.02439040405418,6.310349780189621,187.45978753503294,152.87622551784764,0.0609999999999999
6d33bb9e-d366-402f-a5a8-5b9c19aeda14,2736.5390981667197,3.1488064327850704,115.5832277888188,102.92533117212682,24.579714869407496,5.944356669069019,193.3909508024191,140.4686909622605,0.0610000000000002
a1bb2370-76c6-48db-a018-98e3bb26cc6c,9766.309063923114,2.5802792188763286,31.942749569686836,64.18124062288672,26.3708677627546,5.289323817297788,68.35849367829962,86.67056208838692,0.0669999999999997
06f8054d-e9d1-4c6a-a16b-6200fd544c10,9338.341234986457,2.630573530354257,34.732134956501795,64.48978373283549,28.505248282428976,5.4362937209200695,74.93984921404102,86.89252516081855,0.0670000000000002
dceb788e-62e3-4b24-bddb-e1e3efcc7010,10112.951756578786,2.6119825388759152,32.29524053727125,62.56263134679157,26.473431899172517,5.340330896557207,68.95601956631978,83.96761556322053,0.0669999999999995
dcd41b17-b669-4514-8e82-93305548c3a0,9328.075691642967,2.594079050800309,31.78289851588231,65.09137349599409,26.460482751524996,5.300876103005431,68.01851089376161,86.87341949681742,0.0670000000000002
dfd6cc53-b67f-44c3-8a77-97ba2d3f1bce,6365.610167850675,2.3313338521075524,52.509463809509874,70.86478571553013,13.41891542998208,4.368209923518004,95.4099704858913,95.51797663589466,0.0669999999999999
762a040d-a259-4d69-9844-94150ab0e1ed,8026.269011397604,2.9047357073610827,56.52879005520347,69.88881076034608,29.445823419819675,5.942482554709339,108.04635282899437,102.05076712434547,0.0669999999999997
db76eae8-da8d-4001-8d67-9d50c99819a6,9203.954798000463,2.799525907660157,49.71298667126982,61.277134345803525,31.973255351556144,5.776842647596319,98.42887757033702,75.07905782417811,0.0669999999999999
23b9b837-159f-45de-b5bc-748959019e89,7665.611561873101,2.9130509625881467,55.23470472123192,74.75565494159811,29.687070003675267,5.9871328337474985,108.08325467526801,106.91834902341006,0.0670000000000004
0db70d1e-5497-4cea-b8c4-e1b100526016,5139.451967242512,2.892741166503182,68.99794749555802,75.3157973498529,24.34262283033377,5.641792673815819,121.36751054680086,95.54070238570107,0.0670000000000002
4db51cbb-615e-463a-9850-9bccaa3325c7,6107.806796283907,3.082561914541287,73.41895890774406,78.03157051144852,27.950836205276477,6.140689061866472,132.4923290062138,104.7936358358585,0.0669999999999999
6ab3a8ff-956a-4a64-a439-6d2aa6461706,6002.263967890035,3.1831501964895192,77.63723840641667,78.16190358499577,31.57632079083799,6.4069105788226555,136.8247552155225,106.45260782219275,0.0670000000000002
f99fec61-1540-435d-abb0-ad2e9f347880,5313.107646704566,3.033500720872206,71.38110126499244,71.98569541393533,27.946718905459353,6.030964366911482,127.37267832160202,88.31873139201818,0.0669999999999999
223def40-4905-4699-9354-7d96880c3974,4731.635555722689,3.0199527970684223,91.18723374465927,73.96932528120662,14.121896953025038,5.376864422885452,146.2600517730775,94.51363016446531,0.0670000000000002
80b8fec0-f656-419f-bccb-0998a044b4e1,6243.2454909408,3.260201598794518,88.4990554049796,76.12746640701626,31.944329013159408,6.407866567580702,150.06915150708994,88.55676512784727,0.0669999999999995
ac6aad21-2318-48cf-a2d5-6ff48c1dc9af,6528.509619051599,3.196260744033135,81.97119826622328,85.74326909263398,29.37054377130244,6.198812228355014,141.6334301064197,104.86196217100799,0.0670000000000004
877c21ea-833b-459d-b98c-beff651c2d12,5567.501222341653,3.2392363681873566,86.79350656900245,79.8406455681919,31.726135076884482,6.346109918256651,147.79904778498505,97.54776026490691,0.0669999999999995
f93fc728-de04-49cd-bb21-24b9ef3f4620,4085.967180573475,2.6062037198313295,92.96236983075107,80.50867359634037,8.110542291312697,4.2944426315297255,151.72857408586992,88.70673346169238,0.067
37e236ae-9cd6-4e04-9f31-bb7c00142f2f,5355.428368988989,3.5072301076100247,104.39351459659956,85.91604322976107,32.14484884310369,6.663150804572024,168.02973636975432,102.01790853548577,0.0670000000000002
9fd0315d-0c9e-46ec-9548-c818337272d4,3708.2560308260868,3.255974034532972,107.30761345193925,96.40716904414272,24.014186753916132,6.063645777337775,176.1194742612134,135.39563573621592,0.0669999999999999
55341300-11e8-4ef7-80b8-8cf8fbc54acd,4535.7036441445225,3.3954596464792104,109.43873329906057,85.9141825787298,33.29584111529764,6.780685678950808,183.9905692245552,115.91920681118937,0.0669999999999999
71140f76-70ab-4870-b3c9-5f74b80272f6,10125.284212060553,2.407373332992221,26.3987307294117,61.902139342526496,20.249545299654923,4.790851046262415,59.860338834579935,78.28489068824818,0.0669999999999995
ca069d1b-5211-4b9b-b2c8-8aab251ff0d3,8080.772767447811,3.0503814418984954,55.120065357501865,85.9817244030873,26.996096097953643,5.954906188116689,94.32245812437331,116.64162913689873,0.0669999999999999
eb8aec0b-d07d-4bf5-91e5-edfc4fff488b,8285.00412664538,3.1662987133034632,60.259964345053135,78.1662427052664,29.93772053119985,6.156620586591535,102.26913610800912,99.44803300845126,0.0669999999999999
967fd4fd-083c-4b39-a0c7-9dd119995cdc,7459.578492992577,2.9428245841730023,54.069964952483865,77.25489719098228,24.544010391041116,5.5999466600723755,95.67502500244669,97.0782710857219,0.0669999999999997
495268ac-17e3-4fed-ac7b-5c3b7c8f5126,8768.81002010039,3.080114986541498,59.47058291157465,78.38149736366647,29.030689984667976,6.130790546853802,100.49364336597587,100.15815462076536,0.0669999999999999
e0c7ad92-dd11-4ada-a34c-bb3cf98d0f3a,8585.420038565286,3.029433475590744,57.92476862582338,85.10309294723174,26.35156385583122,5.954996532907053,101.65784143830653,113.69038459477757,0.0669999999999999
88ded410-842e-4fc0-94f1-499f68f62fb8,6415.481454971076,2.817617948354076,55.349814093644135,75.29202470953949,20.915624942854773,5.34571520060774,96.94560446117396,94.00655493089968,0.0669999999999999
f4ae1e4e-8966-4931-b119-8e390bb55724,6738.033230904659,3.2108731353428257,78.14246377505829,85.57880880195374,23.977147726815492,5.9992596374648235,126.0408559693698,109.5536797725416,0.0670000000000001
86c4f33e-9fbf-41a5-a4d4-c7d8366b1fe3,6315.523923213918,3.0515252729154008,73.52139708333299,89.4235653210363,19.98495592992595,5.890387010745949,123.29392712149053,119.41308467427214,0.0669999999999998
8e951d08-e6f0-43bf-a1dc-31eed5bea6c5,4926.675032036783,2.63380971071679,60.557829624750994,87.47253893787733,16.306965584952387,4.9228378781004105,104.01073961428325,116.52231778117952,0.0670000000000002
91e95fbb-0a1b-49cb-aea9-812d8802b36f,5994.088346315538,3.0668250271366615,76.22256447947908,81.69651295506083,21.016052434751956,5.419270468297358,122.06184233875844,101.01457507588543,0.0669999999999999
b6d48086-3fca-4523-a362-5fd2fafe9af5,7101.34789462867,3.241699484337518,76.07243298293169,84.22850630190652,24.50283706387159,6.1846017828218995,123.04855843384028,103.09941255987816,0.0670000000000002
77e23cd0-364a-4071-8377-81ffebfbafe8,6430.250804354901,3.1381507298036557,74.7567387939624,87.81266928067275,23.140652577570286,6.039259132584338,122.70886859697461,112.14886414550276,0.0670000000000003
e8688d9a-0af8-4481-af88-b67708bbf6b2,7176.954836627113,3.1947650962510803,73.47959550647616,90.54506186754381,23.964170972557756,6.194086227086284,121.72854775535936,117.06866634214222,0.0669999999999997
b8e8e782-a1da-466d-8457-27d261d7a919,5247.052574326337,3.31097366160891,88.3556526585808,96.9329987852197,21.451580728230663,6.116680252807709,139.94353610750338,126.07742533796694,0.0669999999999999
d7080c73-1e15-45fb-9636-79ea9fc439f4,6464.118898785385,3.3554909039369067,90.84998350399792,88.25746526385265,28.88886859514078,6.424081819931706,149.79495720987825,102.74568920854696,0.0670000000000004
c30c3fe0-b9af-4a0c-a026-8ebec1481e32,4391.756377483003,3.3838054072421606,91.96685517311612,96.09932164393862,26.468614934054806,6.328711597559908,151.68667207168355,126.39047906940236,0.0669999999999997
0cd3e601-f283-41f9-b53a-7836482e7aa1,5109.574988516868,3.3272116105756444,90.32351885860349,93.63963934947982,25.972577635010968,6.400176039666768,149.1012817284407,119.86123338541091,0.0670000000000006
f76cd753-02bf-4a46-81ff-8c71bb56a120,4720.613637068714,3.190911989371058,84.90488737325987,102.1492376185904,20.47579239077057,5.722801413437898,137.90853908098703,140.6981109514992,0.0669999999999999
f0dc4061-86b1-4433-be8e-59da36e77308,4949.135501761142,3.419871310622197,95.56760928177766,95.84907785187079,26.041238534496728,6.362627670954896,151.39536801086973,118.93650563259291,0.0670000000000002
b3289e23-5efe-4fd5-9f2c-1231bf9de538,4639.323905353043,3.951774731043125,122.6725632050864,99.96478916234425,37.36515207156431,7.42701337523637,193.37123196929474,116.62558021116145,0.0670000000000002
fe3a1ae7-2ba3-4181-9476-8e1de59cd29e,4761.586301383801,4.038785752635529,125.89501957961774,100.8596079662106,41.782807379798435,7.714432032594038,194.21429657859096,120.76125040062936,0.0670000000000006
54cc812c-71c9-4f0f-a031-a05b54407cf2,3193.269889465478,3.6987492491794103,122.76772764609186,104.2536414236462,36.77960821366996,7.207383528340094,200.31570473561115,132.25425126979758,0.0670000000000006
e880378e-9e40-400e-850b-d9dec4b015b3,3115.1520445673355,3.4816592730488036,124.49876286265513,102.68563365339706,28.278567614574794,6.330980002992482,198.83171351425597,133.72667616365013,0.0670000000000004
20c008c3-2215-492b-a00c-1cdf2bba7032,4501.98217198616,3.8652809006996205,124.81306272622143,106.14663150336438,40.46841240431331,7.5010374884261015,199.74414294205596,130.30217805896243,0.0670000000000011
7f49a623-084e-4d6f-ba8d-066245df8cd2,10627.53593782319,2.270164038759293,23.92570387262059,61.869819310185065,17.284807998514744,4.457979449614985,57.41302758822229,77.71809342473796,0.0669999999999999
4aff5ba7-0ee4-4c57-84cb-16e5c9a2026b,6772.167399806909,3.040624220908617,64.43334914281257,74.65670007329697,25.31411937005356,5.807216221974355,108.84723128092416,91.50602476189177,0.0670000000000004
95876682-d891-4f8c-b902-67b8682e96ca,7712.501158395834,2.9066444365260797,59.536941367515205,78.29889217638927,20.620814023309254,5.3961593572766615,104.43172918228099,99.6587452602965,0.0669999999999997
263279fd-49c2-48a4-9b11-daaac0ef68b1,6158.043104508859,2.9167642398126734,61.151337910249055,89.86728973456944,19.873856817802782,5.4626087294894,98.8458251720788,123.4897663974108,0.0669999999999998
23652c18-a3ce-4963-b1fa-562453bea92b,5898.628459628364,1.3324885053822253,29.446939723647134,47.32137758674551,3.9424292618291252,2.529637483847657,65.66200508062411,49.73460173536619,0.0670000000000002
ba7decbb-a3e6-4f9a-85b0-8ed8c4caa501,6650.169704721358,1.329578349792054,27.116006289607938,39.791796264238315,4.038779336720852,2.5895671554283926,60.80191424326392,39.06204149414557,0.0670000000000004
f48eea87-e3b6-4451-bf6f-14335b65061b,7688.764580401967,2.972128473049821,57.137836564878356,86.25322753108782,23.835072920564123,5.731931448280691,99.12200942710639,113.44921638884877,0.0670000000000002
71ee2300-f1d0-44ce-8e56-c919d7b773ca,8070.666623587319,2.362336913366928,45.729034439898335,70.88952523960171,15.039209927152172,4.5220683820141385,86.50338577327422,93.00106079778618,0.0669999999999997
02fe4056-4d61-4f86-863d-0e4614466ba3,7401.334597640705,2.8468000740554493,53.67066996317125,79.95106557136317,18.441376631563777,5.307168751948765,94.17679171846497,102.93609881785703,0.0670000000000003
51df82b4-70b5-45b0-adb3-a073f2c3e7c7,6076.83123529547,3.030241591769453,64.86786517421871,97.72804201325285,18.42664910386055,5.408829689938178,104.17741322670643,136.22412784552748,0.0669999999999999
bcd96b77-ec44-4cdc-8054-26bb619c57e1,4788.832884025984,2.2565648493166037,52.628408358408116,89.26948892543093,9.869811725562629,4.117298899748923,90.05675683244378,122.41054532574134,0.0669999999999998
ae0ba863-329e-47d1-a47a-972d535b7652,6053.884427993895,2.7408957970971395,65.91507217310829,74.55315310063213,17.845208207401924,5.119632143125677,113.43957840769315,94.29436239605202,0.0669999999999997
31106ff1-efa7-4bb5-8531-97d19f04de65,6077.691165969633,2.321617586126916,55.719153882302294,71.26125284764942,8.528629421066906,4.163248714835576,104.45668047661454,86.36889334717259,0.0670000000000003
81a5bc84-7c43-4d11-9614-aa8754ae85b1,6624.442533234123,2.6561726671140873,65.18970991090072,88.89476543507347,15.140349494629142,5.021166492511646,109.27718102245596,118.24603304643314,0.0669999999999995
ae807e2c-d76e-46b9-b941-d27d08544e62,6144.734443093732,3.0715099582625247,72.81153597468573,87.2904539583472,20.432666678983118,5.574605738895312,120.14777389345991,113.05223849137654,0.0669999999999999
b90f5ff5-b2cb-4531-8f34-ac812e86d988,4650.010380642703,2.284348645694041,52.28534344035771,81.82373491827896,7.963944473063834,4.048598366025966,98.391031600557,107.45177956661281,0.0670000000000002
948db47a-3142-403b-ab41-1b1a02f773cf,6886.293658143493,3.0798281731346866,75.4097995151543,78.9048785240319,21.25908433918959,5.859096702180438,124.5569910454903,99.22825178384483,0.0669999999999997
9ccf9715-cc19-4cc6-aab8-ae69991d8edb,6013.243176407513,3.0476369576909694,69.04387696946286,95.03908335996452,18.197769033761947,5.315716279488486,112.55205444027268,128.37074478964826,0.0669999999999999
aaf1a57b-9740-4f35-b205-02c9bd6bb69b,3970.7918408166806,3.28689861561495,93.21802437896619,110.4206327281937,20.31587256414246,5.8955118782552285,142.58907164652567,154.09944661129526,0.0669999999999999
9f89738d-a8a0-4a0c-b7a0-ce30327fa0df,5570.634361863362,3.16039959973408,85.62402470399846,87.44088246062428,18.219246807127988,5.652851390823915,137.1940194500752,100.54436584441297,0.0669999999999998
b2e7a90c-e309-4ae4-8118-997c66cb919e,5170.690453461323,3.1746198180629395,96.94717074794855,82.78259348142414,21.427696736309336,6.110859463698854,163.39715945754998,100.68702629962476,0.0669999999999998
bb96f6f8-498a-4994-9008-967db85e054f,4723.22276134652,2.486280883519984,65.16782299770199,101.22073962514442,7.817284848736842,4.280649153505473,109.68379360962004,135.03833982626713,0.0670000000000002
93f4669a-8f1d-4a84-8e70-2c44bf565055,4204.727905163318,3.552972236334715,111.63803203030393,92.20842772016532,31.864252740591503,6.676725406511162,178.6145037111567,103.68813226689284,0.0670000000000002
85965b86-1adb-42cb-8603-1dae57f5d73d,3575.6851001489495,3.3742071947789025,107.95417301556785,107.2499607943674,26.42123967732997,6.379062806062032,179.1598314976253,144.13728836842375,0.0669999999999999
446c296c-d6bf-4073-8cf6-0f5087d16573,2369.021546228547,2.1612137199036443,77.1556027260307,102.8572423671383,7.491681879711911,3.8132855644017987,124.04715745167984,144.77569414650156,0.0670000000000002
5404be9c-1027-4f30-8f83-47da33be7f08,2402.2436342280243,2.8971033198208107,83.26878978155584,113.50262412274947,17.3898773202361,5.1063124723278746,135.59652948136187,162.4630144018283,0.0670000000000002
89947369-b354-4f95-8fe1-ad0ea17d5cf1,3051.6831550597108,3.218433412916215,104.64345489169035,100.08882405592648,21.768759446043763,5.959330216444585,172.73121022118053,129.9326188094202,0.0669999999999999
f5d26b66-e47b-4ad4-8f84-222bcc577f25,3601.057591721294,3.4560008069821637,108.37313212404476,101.46210704179092,28.058341883320505,6.445624784424447,182.25136789485757,124.94609083068138,0.0669999999999999
3e8f81a6-724c-431a-a914-838436a976d3,2409.364205165438,2.161298583094872,78.3464882974747,102.71551051752868,5.854514038790869,3.8843008145614295,138.69080303511507,152.0510369821406,0.0669999999999999
d30ea4d6-c47b-4538-8210-13fad38aa6ba,5427.983915115229,3.7805535986912675,112.26642006414232,99.74280269231593,41.89312613554555,7.396924898505091,185.4460402061326,122.92662506385473,0.0669999999999999
fe3b4167-144f-4bd2-ac65-fb6417e021be,9098.196710301801,2.3230778516121053,33.38572999252466,62.07835129032538,16.952109559129834,4.6532835215406845,69.46014753709647,76.7994194856843,0.0670000000000002
ba16c40f-17de-4201-b87a-bf3b74ca72da,6679.00535399118,2.068739510354021,26.995857645687202,58.828704776037284,14.619185932614023,4.040191624076373,61.5294340384521,72.5216106673407,0.0670000000000002
68823c62-5812-4de4-adc3-05ba88f5e476,8798.360083096894,2.377258579906747,33.647172449635626,59.894625095327754,18.574281261048448,4.735123785259664,71.20016478931154,73.34811165703208,0.0669999999999999
4c6be0ce-9e5f-4158-8ca5-0b6728f630ea,7704.318499771218,2.380881854400787,33.85163173599766,65.96511095592261,18.05725851340492,4.759657182327041,70.19456053469422,85.0162012434705,0.0670000000000002
0bb3dcff-256d-4050-a3b9-cf0288787932,7338.545223240385,2.5136104140837516,39.90299635389392,63.023172500006105,20.01608246459449,4.912810519532511,83.24643340813371,80.00770470264116,0.0669999999999997
546120a1-df4d-4949-853d-683442460ab8,6213.669411687407,2.5617447999206377,49.66323399723358,61.77390979147555,21.075754589279136,5.02242972807363,96.84116294836805,76.65552711261547,0.0670000000000002
d92c5923-bed7-447b-9d5e-6d45400facfd,7157.7263412562415,2.6697052174946854,54.5138972842833,62.20319029741303,20.680341985260497,5.213337782542309,103.65634195261524,72.2467715149729,0.0669999999999999
faa09ece-ac8d-4255-9d62-3d31ea13f800,8067.278474729638,2.508339228963563,47.96024152145902,67.85569075459307,17.685606088520643,4.863292153370859,89.831538347374,89.07741304729225,0.0670000000000002
e0e52ef3-0e3f-4a9d-bf77-3f35e1b5826d,7612.843553283044,2.4628772151481773,49.20805299060045,77.13440243778939,15.014214296811405,4.6677076331103775,86.77219653147326,104.76987682313366,0.0669999999999997
ae374ba0-e9fd-43c1-9541-dffec0b9ee62,6649.3362120201555,2.2490111419176024,46.90656226860876,79.03294296664423,14.138409764222024,4.314372930767346,80.84041816423147,114.50997346694665,0.0669999999999999
74cd5d4f-3acb-45d3-83d3-4a3dc380d9e7,8852.419123859067,2.5421425764561802,47.64676247451878,70.05534669711419,18.017982229393603,4.945535071202118,89.26481829608026,90.53018346719203,0.0670000000000002
4afbf286-23c3-4a87-97f2-a438df4da97e,8135.678592265349,2.5378060837124505,50.4904142788257,62.662331815332415,18.093281035538645,4.9207863952591095,95.54289770267097,75.76456461915598,0.0669999999999997
c756192d-6b04-4073-8ab8-fa1ed21f360e,6255.240219373488,2.00335483920529,38.74296806661421,70.38258651232304,8.375782945521848,3.5902973048120526,71.64226720605761,90.73149345114957,0.0670000000000002
9a5dc9f1-2283-485f-8021-ab5061bafff4,6405.303257856476,2.997737427961987,66.95643451655314,74.02110709577359,26.92936850586411,5.966811748555845,120.79063741154317,94.64649765528556,0.0669999999999999
059ed639-f505-41a4-a4e6-343ddeea48cc,5768.687554323506,2.918522490429458,68.1577879566636,71.20506372180067,24.101081621242482,5.814715859006741,122.37371662784408,90.09141722833498,0.0670000000000002
e5241eea-cd1f-46da-ba58-a08498f9f286,6608.671436456042,3.0183544785442735,66.52969120309547,69.71480354567242,26.11552285107699,5.881525524640008,116.09837326753566,84.46560956903312,0.0669999999999997
2bea16cb-c390-4a93-b213-b1e32078f09c,6266.957950715428,2.8721407036473217,69.48823550035146,68.41364555352844,23.895003056438917,5.680360804364189,126.45229043504486,82.52624097334233,0.0669999999999999
7ab9617c-aa84-466e-b4d8-b1b821e38cb2,6169.120814449267,2.7668413603850452,67.02641134858068,76.55105796514549,17.72194948394966,5.156210592108265,112.9013705605974,99.4710002722265,0.0669999999999999
0be6b701-ada4-4095-a7ef-251984472e23,5756.657690756572,2.9959191292175538,69.88884691992308,79.60353089683852,24.239647291686037,5.729331073187736,117.73771085163776,105.178928632201,0.0669999999999999
77445e2b-f87e-41cc-9635-df71d2969c7b,6044.396129341255,2.836765754181644,69.31556323943927,69.0091839897693,21.262441151211938,5.423541930933083,125.3994009699921,80.72908256208895,0.0669999999999999
43918ed1-c374-4385-9764-101322c6d741,4777.237766375598,2.896197966483648,72.9787043200252,85.83218059785179,22.370819416657273,5.659751089255666,129.76983197941252,115.24647982662238,0.0670000000000004
8c6f7351-f8d0-4d1a-9bcd-24989f90a0f4,5865.8012123502085,2.999656615957742,79.92145033364046,76.50506560429092,23.412983778303524,5.7839655502823435,141.89562571923142,94.28761579880836,0.0669999999999999
d63490ea-61c4-43a8-abfd-0cfcd2f61e6e,5786.443706011767,2.949163233852423,70.77005790042644,69.86884604833392,28.455493693730755,5.9783179295570825,131.27257039127883,81.89864040254838,0.0669999999999995
642530c2-c67d-48e8-8f90-fe3f26542571,6247.131599780224,2.982282262983036,66.5276843416413,72.56548196223248,28.691935303793418,6.0150067101739015,122.81580694499483,95.37164563419546,0.0669999999999999
c2d0f34b-570f-433d-a098-eca71fb963a4,5163.3717017199415,3.0262107062132158,73.2444328068461,90.26676146215947,23.207047591494096,5.829114929214486,132.0741091498505,122.32490887758016,0.0670000000000002
17d4f07a-bcdb-421e-acaf-fb9106737094,5416.455122695427,2.9079309094365944,74.58916934672155,83.58235333460026,20.809422390166986,5.305269973208544,124.50557208607223,105.822462307567,0.0669999999999995
f24f9ed1-0863-405c-a7e6-92af07d14c69,3724.490650143087,2.896572732681762,75.02906218108086,77.52101937831272,23.0708416149185,5.6148925414914155,133.71726737448427,100.36488173760483,0.0670000000000002
2d6d8104-a1de-498f-86ad-1818aa3d33eb,5221.482332355769,2.9245557788538843,69.12062814206386,85.18395443272436,25.368163937159316,5.776847309711104,121.87806609767121,116.70779813512965,0.0670000000000002
2c88307d-6ee9-44b0-99ce-4b4508e77056,4457.366499521726,2.781027793433906,75.69420395709474,75.22516049019647,19.895278525206468,5.320460102543451,134.87296948768974,96.45132958877656,0.0670000000000002
ea3f0104-df52-4ba6-b299-a4633652a79a,4144.104382686373,2.7615477131058723,73.22477912819723,85.19033857116536,18.05252796436447,5.183114325437196,128.5818770268023,111.43617585863238,0.0670000000000002
36d82e03-0870-4386-ae32-0b8a1eb736c3,2837.352150043866,2.7794114070829554,74.65072674061904,87.83351186665625,22.521628149697097,5.45781567499216,134.98439652089544,124.59626147257886,0.0669999999999999
b11855c6-1ec9-46e0-8487-68fb8afad480,4228.619192548126,2.916648187941981,77.83641132707784,88.67670215379232,22.521115594826803,5.768514969026267,137.3568881381339,119.03940186982075,0.0670000000000002
5f2b6aae-b3ed-46c1-af09-58c3865750b0,9365.80145532399,2.547846787972683,54.949772193606584,56.12596984669922,18.27275691922854,4.910384615479612,102.18020351236378,65.66409943983962,0.0670000000000002
1c48ca77-fdb9-4fe7-8051-5660327ca78d,8636.442076069223,2.5874505955478178,56.0656813181195,54.44708160247233,21.123483552296445,5.10410122448375,104.56617122356074,64.98645970094763,0.0669999999999999
5e5b23b3-051d-44a0-b3ca-867a899e2e82,9232.722683110667,2.583240135444257,54.05232402007651,55.70505413362501,19.488866433440826,5.079737527241297,102.47519330378644,66.81148030289586,0.0670000000000002
095ecddb-c538-4ef5-906b-47cd0e119d9e,8444.040290407205,2.575280237152398,56.436804900408795,57.076955525748204,19.481969024680343,5.062922725385627,105.5286150643474,68.45552482647047,0.0669999999999997
02c39c55-543c-43ee-b8eb-bdc9adf8396c,7562.819385870915,2.6564779102085434,59.72171802231526,58.03626116338785,20.36613860514013,5.225277157260533,107.26514783739121,70.80555269134923,0.0669999999999999
af139760-ef70-463c-8a33-98b86fb771e0,7106.082269705329,2.6388988435640446,60.484502277999916,58.73817228534709,19.66607194185562,5.172555374112686,106.00300346716867,69.8257143811403,0.0669999999999999
eb5db723-9537-4885-9176-036692d9d41b,8953.90819748077,2.471687106965874,54.21636335893163,54.31928248903574,16.98324438480635,4.778810324861094,99.65402315933794,61.618746196797154,0.0670000000000002
4257970d-18ec-48bc-8dc1-398c77ac481b,5878.144412787008,2.5382880338260185,60.51638123628849,77.88689734551579,12.507352758437483,4.5287702215919845,103.81028636263937,97.52245483293927,0.0670000000000002
0c52f92e-c904-4c4d-aa33-f28818a016ba,5548.500407041717,2.873834444694404,76.2688418998883,85.19968333157246,19.854997792342417,5.690107736981733,130.1402088629988,111.15000587501606,0.0670000000000003
d9a6ee7e-28bb-42e9-9d20-a100f691a511,6011.241222506978,2.8778625606962516,75.63078968888658,76.53461796636368,20.14978795994275,5.447287027504918,127.47674693549732,93.03453378363282,0.0670000000000002
e9c9b116-fdf4-42b0-8f80-0801006634d9,5167.443595261887,2.954974964163903,74.69123573586278,89.61097941479386,19.637995921330344,5.571011885317344,126.35574186831789,117.79888661967345,0.0670000000000002
aa2f39f8-b995-426a-8598-2fc405bb43f0,5728.123851606713,2.891992987412428,72.13511070596626,91.8309150708871,18.393239223624263,5.41109458138352,121.67903118505339,122.49301117754786,0.0670000000000002
e968e0b5-cedc-4047-8d2b-1eaa1aa8018e,6311.047213430451,2.7989281131957644,72.2342250393627,79.50652341444437,17.201588107874237,5.095268144609795,121.32721887961914,100.0204466212367,0.0669999999999998
defdbe29-ad35-42a9-8d60-d05b3588a5c0,5565.772423671533,2.9096362535551723,70.78255139060693,92.74347409789068,19.325340602166985,5.548018226502074,119.7222238403966,125.7455348541854,0.0670000000000002
9c8ff667-f7e6-4d81-9195-b58b000a6ba5,6094.1465330271985,2.7433850987033854,65.45036129485015,78.58962974430197,18.116705890773503,5.150840922827425,113.18577988570662,98.9542499743886,0.0670000000000002
3a99ca44-e5b7-4cd1-9c46-1af5bde3b4be,5978.2770617128635,2.8264750423964164,68.60009609351829,88.29398840565214,19.652081709411103,5.511806697047746,117.73554505972831,115.78218350677686,0.0670000000000004
1a9fe392-de5c-4fcd-a461-e084c8fcf53c,3322.9134710640974,3.213671308500806,112.33898790804854,93.75544773057055,23.670060730733468,6.016194498736204,182.89583030514927,114.73703774435212,0.0669999999999995
fab51c81-34a1-45bd-93fc-1563b785950c,4589.068771967742,3.0835488158883546,101.99576400624301,82.36767768154088,19.89892398394446,5.457971230031371,165.14606159416869,91.84617312046365,0.0670000000000004
d74de943-6286-41d1-b9a4-c947524fbc42,3660.962248459218,3.351447990645559,110.94457323337143,87.74054230668906,25.035301120390642,6.251191769530375,181.44336292568107,106.2651060640686,0.0669999999999997
ef7421b7-a9f0-46e8-ab4b-2ff58f5ff80d,3773.2137892510204,3.2570416117847754,106.23940233141174,79.92165029546277,27.166551261875163,6.2014614140808755,177.67808055858453,98.13431654337238,0.0670000000000002
ca711898-25f6-43bc-8e13-f0cc941a6421,3692.160968241349,3.1640184973315324,102.48991287500739,89.8211445105895,15.750927498840161,5.475378577040402,165.90187772532232,107.89462643879746,0.0670000000000002
73ae8801-ec94-43fe-be3a-74ac6857dc88,3859.9939217624337,3.3380710269924645,110.73102894433217,84.58783464703806,37.595211893641086,6.838150801387934,191.50354252229366,102.70066531081423,0.0669999999999995
01d4c168-c43c-4064-951b-205ae8318275,2858.97176238138,3.2396270447123774,113.63702138973991,89.20288233638324,23.861035798829985,6.052275638860442,191.0352104596403,109.77842648636718,0.0670000000000002
a6c03632-c3b2-4a9f-bf46-02a759b68c5c,2862.8305529640256,3.3122202640336575,118.55744081992876,93.31342408650745,29.686716712355658,6.542579495932696,197.42594005927037,111.55760196679078,0.0669999999999999
c9db22b2-8717-42f9-8003-8dbc622133f4,2841.6741227831358,3.1884308034662814,109.862942549102,86.89087833870636,27.778626153051878,6.157706535056225,186.26034565873127,103.83272432328002,0.0670000000000006
35d467b0-2ff3-4436-8fc5-24855cb78923,3577.4021300177537,3.544281275114432,121.12290339886039,93.03921050856715,31.991795983304154,6.875804589555467,198.79508643030692,111.74108857483574,0.0670000000000002
8d329a02-f014-4e64-805b-bf2cb3f0666c,2362.85811426186,3.0841758531743504,103.41689634057892,91.77315963217565,28.103672668202268,6.107467248236229,183.84527153489995,115.1739789588392,0.0669999999999999
7c0af9ef-6354-455b-adf7-8ca09ceb8054,2672.506083521223,2.9582847633370983,99.68517593820306,106.04103499196431,22.606100428972702,5.802738841482097,172.8208582521413,146.7396516090162,0.0669999999999997
e8889e10-017e-4dcf-bca9-03bca5c34b3b,3787.9331460281237,3.1538792196204994,103.2143113635964,98.2861404331181,34.69860573733337,6.65714274936145,180.36401105157725,127.63852079885613,0.0670000000000002
631f907e-9d44-4f50-82d1-eb73cb6c785c,10252.757789913665,2.627617739722955,32.5224546132214,66.01144614558152,26.584042038009503,5.331712990611272,70.50159494143765,85.31095122999507,0.0669999999999988
f570b1a4-8eef-43ee-8537-f2d47d5107b1,10012.91673610148,2.9025035109938337,47.38698018360784,76.1348162550356,29.06999091504715,5.727019542939603,87.07617084278161,106.93499051960353,0.0669999999999997
57321322-913a-4d06-bb90-4d07a6501146,9299.545801853455,2.651117691782872,40.47576968594658,70.18002601099016,25.705204702153747,5.475347266515763,80.48407247827694,90.37319351186834,0.0670000000000002
80cc07a7-a03c-4bd9-bc13-4ac9e8f5dfd9,10471.113897992169,2.61077399276741,46.11319874688276,65.83895638859109,26.72709627813453,5.54273628001226,84.2435303072247,95.62325084707854,0.0670000000000006
c4eecf2e-6fe4-4f76-8407-fc9308bc4012,9649.832614843535,2.5161016015298454,33.07755205621864,65.90970514918428,23.578662628403478,5.141442606453142,72.72582168692124,86.01939845423747,0.0669999999999993
d39ad0eb-5271-4e1c-ab6f-8be1af7fe306,10401.048005181361,2.6212748674826845,36.93557065721905,63.79436344379839,26.43189801626423,5.377282474655732,78.56851511619489,79.64200142082858,0.0669999999999995
609a788f-e091-44e1-bb86-0541fc465cf6,9851.71059458795,2.6075257626049138,42.128975233310626,71.44752481190079,22.28142276756465,5.131766160929997,80.89407435646841,92.9114965940547,0.0669999999999999
dd21cfa8-0ba1-4d1d-a4a1-60593b5d681d,6012.9151633569745,3.2592607905246815,83.05745557521358,88.76450857231663,26.292717753471223,6.139703587576822,130.6023515544192,119.25622391241247,0.0669999999999999
82f13559-4687-4e96-ba5a-fea4c6225d3d,6804.362269408038,3.3384783525911024,83.49359224486518,81.2196829435498,35.30102118354922,6.677094586389972,135.64085243192693,112.15194996231847,0.0669999999999999
61e0bdf5-bd35-4803-90ef-f713cbc72ed2,8152.306433596488,3.22517291812611,69.28931910706862,81.48236151792294,32.86208656895607,6.435121003522062,127.08730821073638,107.5269559792062,0.0670000000000002
a015b805-47cf-4e9b-956a-e3bb9c2e9d10,6401.794152679228,3.2408986057346203,83.0817860796377,81.52542306898053,26.14908065735248,6.093037071254404,137.7774091400942,100.46424520390795,0.0669999999999999
ebfec1d1-8692-4df7-b698-c852e5913e4d,6967.152019244239,3.151332069045848,75.72343479623214,89.08783543197703,23.99042071071512,5.949874056644677,124.16354299172963,113.64728796613974,0.0670000000000002
91009fba-c761-4d5b-9d48-f5d363a94ba8,8422.294470931656,3.335714260401656,75.566794990069,89.55728187446499,33.770081183754385,6.5420839095960615,129.64484998493836,117.41282697192452,0.0669999999999997
ea9b782b-4ad2-42af-9796-38e623172e13,4776.753163602668,2.846859395447523,74.22565668788428,73.56532586406425,23.67213629073344,5.493927303365787,131.6398244660399,85.22913197688962,0.0670000000000002
61293000-f30f-4a6d-9bfd-8c950f1bfdb2,3492.4937280816403,2.7503073276182652,78.96672248641968,84.89585250875655,20.29019068855662,5.265500555631996,143.39009582434994,105.36018001784615,0.0670000000000002
2188f465-1338-436c-8e54-6f806410a82a,4565.302717636392,3.786022445894409,102.88602728865926,116.26332162968153,38.61533953597714,7.348395303177359,157.81928651246562,160.30240617604974,0.0670000000000002
36285ab2-b292-4faf-ab6c-8838df270db0,4890.639180305036,3.7300280420683527,110.57602469639612,101.20023624708534,39.95716423212451,7.330585860782864,179.13385944902956,129.43042968512856,0.0669999999999997
8b9bb5d9-8b0a-4a78-aca1-966eaf6ecf3e,3949.6692968179923,3.869703147466295,126.71991345983774,104.56948716003015,41.04059577544822,7.52940953274079,203.80723179091967,130.17143945513945,0.0669999999999997
509e3df1-ef04-4e30-bb83-e090cce0cc55,7976.483898885273,2.1465525568927175,26.474727220631944,63.16798999880359,15.043706500980734,4.167068112606139,59.28013813359048,81.04592923174913,0.0670000000000002
f3748217-b8d2-4813-8603-6a7628d65486,9520.888678373816,2.1073598331171235,25.66074572727136,57.348484979874804,15.514370902345426,4.215740791497431,59.874449006174814,70.29659933059907,0.0669999999999997
930a71d5-c655-44ff-b288-e0c53999aaa9,8661.820306224634,2.132224648523055,26.72987531571398,60.45098446918572,15.371799420395718,4.173040627696581,64.63054294477261,77.11965624440325,0.0669999999999999
8f01b757-8853-4a3e-8d0c-2e0438afaa08,8682.117257934147,2.046192525929424,20.558713913045647,62.01255783448227,14.661880239949845,4.062372816343095,54.333362989619104,80.28067668664387,0.0669999999999999
74701d69-e542-489b-8ddd-c21abed7f4e8,5094.087500195614,1.541880520835387,13.750327951250688,60.09701402905401,7.763255357566222,3.0989047227385598,43.216483622553206,75.13422249629166,0.0670000000000002
a27e2e3a-c2c8-444f-b053-8708242a80c0,3526.808972216896,1.5271767538760341,10.534464187297935,63.23860443293231,8.71859435783065,3.1128224496602694,39.8257620332718,89.71680741389295,0.0670000000000002
efa1ee87-2156-4927-acef-fa67519b6abb,6273.5534689972055,2.089940642540567,32.152301076844445,62.77436035290444,13.69112285650228,4.202243806737998,70.19746175546594,79.81032387583771,0.0669999999999999
42acd005-a6ea-484a-b5f2-735a1c8becc8,7362.617711410409,2.1291030374185254,30.509753862830728,65.48902487234976,13.784463047346325,4.2255768618754015,66.997389344591,85.51408585602665,0.0669999999999997
cc23ff06-66a3-4572-a9cd-0232b6f7bb29,5620.203798274499,2.0622861470803096,35.307933694821074,67.46496186440375,11.15369695605547,3.80851934936871,68.55600298055015,93.53579060795865,0.0669999999999997
6afa65fd-2c72-4e64-810d-a9b3cc7b3ecd,5438.189462910634,1.3342147574748626,19.97050594511191,54.20060667923118,4.284385626185403,2.711767771821983,50.95870399667462,73.36479499019612,0.0670000000000001
9e011b36-9a79-48f3-a12f-fa10e0f08feb,8189.47282212025,2.220077604966755,31.763067216766412,58.83921004212755,15.547739145880223,4.378798731008511,70.98295685439126,72.8446090621258,0.0670000000000002
da0318ed-4557-481e-9b98-7b5b67070a1b,5608.833104097755,2.0184154783986226,24.106708915771218,75.39249475286192,12.36968732103699,3.842091642061348,57.571260224936395,104.94587149165714,0.0669999999999999
52974ade-186d-4276-b795-c2747ae4ebcd,7104.46826898493,2.0758815702683133,28.421875050933238,69.16770080477977,12.964698788939126,4.15952650797513,62.83032431736835,91.56954089979979,0.0669999999999999
9419f134-2816-4222-838c-5289ccd5b8e3,6342.851697183373,2.1347535305053627,39.15253917829372,72.72125532648283,12.595364173619474,4.045990180099571,79.21560964611923,97.47182697051113,0.0669999999999997
56e20167-89e0-4b59-bcb4-d4d2d1239d65,5087.319948284469,2.2546242264760292,41.99588086863063,76.73656942243427,14.320211714014068,4.325114799375021,80.91524366393679,104.39356987245753,0.0670000000000002
ce5dd792-51be-4b6c-ac1e-0ee7daff46a1,5908.709491061213,1.7216783903668433,29.413671969213887,68.65952261016291,4.508732735223198,3.1621576076715594,64.79557951212315,87.76714365420597,0.0669999999999997
2371d515-950d-4e1f-9460-c86889d497fa,6304.868237544658,2.2791678690564217,41.433067475912424,69.46318013476824,14.660903406442868,4.41237692043677,82.39996562970757,91.82141734854552,0.0669999999999999
a84409ef-cf06-47c2-b338-bc38ca89e0d3,6032.416601236622,2.160901706646435,37.4603668040362,75.70685021658734,12.90274826834115,4.167145661823509,78.05991883758588,102.26485167329494,0.0669999999999999
a78e07a3-3566-4c4c-9133-ba2341405ef3,6405.097439246861,1.8842803671758375,30.8507048721849,71.32637830872366,8.38533693255529,3.5528287985220754,64.88350930631958,92.98260984910694,0.0669999999999998
28e0d86d-387e-4179-9550-a0bc2921fd80,6258.896362959203,2.3637337012820643,40.611708671653666,70.55521067553813,16.602212815227016,4.712642009276242,83.6374845912356,95.90009302452988,0.0669999999999997
5f26628c-7dc5-4f4a-935d-871554d19b40,5168.294892971137,2.099381280389837,32.685888770124244,80.01379728605642,12.359534851533091,3.9942787301148064,67.7915903067433,111.15463948827309,0.0669999999999997
6c77835f-ece7-4861-ac2f-f27150bc103c,5914.074065828652,2.255355512052977,41.534191809721655,68.95724779592396,13.736909190512147,4.383317928994642,83.72749237460178,91.39704370447244,0.0670000000000002
615894de-64f5-4499-bfe7-d81e3316cd28,5690.109705243198,1.9820515251517086,33.857017734624655,66.36195971735017,10.10340854336332,3.6785086697330946,73.25555154953749,86.40790017891472,0.0669999999999997
ba83ca91-ab02-4709-8ecb-a7771dd7bf7a,10992.005753057643,2.101551700645278,18.20738019583326,62.95265271994917,16.398925255675312,4.286855527840545,49.823886496843116,83.68103045791797,0.0669999999999993
3c687e64-5d35-4ce4-bbac-5f0222905918,11238.66314795635,1.9927569017843585,14.267579265057057,61.750763436340634,15.808854761558903,4.05801829650031,43.75188791293851,80.48899592281661,0.0670000000000002
846aa867-2d7d-438b-bb7e-87c955b24098,10259.540283761973,2.3150331742416057,29.232710955362716,67.95961296438142,18.91999083324826,4.729140225458953,67.97437201317669,90.2582489699131,0.0670000000000002
57009839-fae7-4d31-a8b8-a6ff64ddfe11,11041.066066346451,2.3619541930256,27.588302251708726,71.32398292150685,18.53134529856972,4.729689014475236,61.01029944766548,94.8395934876216,0.0669999999999997
2cb47791-e50e-43b6-befc-8d5173a1d540,9466.379570792853,2.6094705686321658,38.89999608530485,76.8553303744981,23.04241199096097,5.150740196693971,80.37784181294151,103.88659378330803,0.0669999999999999
58466fb3-0ef8-4cf7-b450-0df721e0aa49,10722.964763087537,2.6012502363812877,39.80164958010251,74.74328504000792,23.31218704682328,5.227796204194452,81.91544085095383,100.04163156024002,0.0669999999999999
4587d9f5-15f8-49d8-b9fe-9fb78f958bf9,10413.64996251358,2.580408383628969,39.081770558416395,74.69749024175226,23.53008828741283,5.1890983759569025,79.23417800404754,98.2263164229645,0.0669999999999999
b96c0701-ef70-48bd-94e1-7e2c51692587,10598.369777522703,2.6207260461125146,40.944748190083494,72.98176707718147,23.265861611282066,5.228588756887318,82.89842716464354,96.43791801086147,0.0669999999999997
982fb60d-39af-49b2-b181-8148474af643,10659.610718360467,2.6536443963262792,41.39825336646695,78.20691538641978,24.434396179794348,5.266842769182583,84.86803418644801,107.76094856917454,0.0670000000000002
931fbde9-9026-4eff-82e8-4851925ea34e,10958.165911463277,2.659535616552888,41.54234613784257,77.05426577009527,24.383054377996316,5.3059796291894035,82.83230605208675,102.59650541205848,0.0670000000000004
b756e31c-aff7-453c-8881-ec4801370863,10019.484718112488,2.630178692406223,38.31910462450962,76.7135664381083,24.101408367773082,5.268279308891172,78.72339775061377,103.75421111576438,0.0670000000000002
b63f1335-7ef1-4475-a7b4-d66c2955da5a,10067.613029919985,2.592047493419729,40.835710748654684,77.94093751976025,23.020336793017268,5.135982738728039,83.85761094875207,105.60647750367113,0.0670000000000002
072c6ecc-5788-4c40-b48a-1a842adbefad,10111.472176266949,2.6217272443515873,40.83652575143276,74.81190341724472,22.690841072941677,5.226850410397904,82.72436522508072,99.19577868835948,0.0669999999999999
0d41037b-602e-4fd0-9e46-821bdafd67a6,8550.251466743797,3.005364685995253,60.48172892843902,89.08575244938862,26.86513299737742,5.881634192923207,108.0716954696565,118.42652084352551,0.0670000000000002
392deee3-c490-4bd6-9995-7361c509382b,8476.948539880508,3.045838152531937,59.799933619589446,86.91486424058992,27.70797766092286,6.043295128810763,106.74398531550051,114.43695174072215,0.0670000000000002
1a1910c4-b0d5-49c2-b32c-214f18a3728f,8460.993356729923,2.9439676953500444,57.04321468794257,88.70570884397775,24.973264690311865,5.752392432368916,102.92343186261138,121.90946805762589,0.0670000000000002
900b0fef-8fb7-4eb2-b187-c40491d600ff,8229.145595697579,3.094543047737324,64.0589837865296,90.32250745515908,27.77244142469217,5.990680653317762,110.05424046318805,120.63549348002896,0.0669999999999995
f369672f-5677-4e37-bc06-5efcc4f3723f,8835.876559625804,3.103640852957938,64.19639097854241,85.74624719717987,30.646287428887412,6.199435900153267,113.07245588402692,113.20878430443621,0.0670000000000004
51ea6d35-2586-414a-b0bc-0c975101d9bb,8294.737676719773,3.1286779957212874,62.052699829091914,97.33107972177831,26.850415450727013,6.008819331217065,106.95664779255989,130.76206907850494,0.0669999999999999
39c3ef48-0d03-4581-9e9a-8e490b404a63,7510.611343739601,3.0397724387194365,65.7368713108042,88.10147541663525,25.301140615499357,5.831084019804168,113.86624831924576,114.63087622522713,0.0669999999999999
596a5ce4-a65c-4e74-a3d1-4362bf16d4e7,7334.459695060245,2.992534819720666,62.61410619608843,90.28003832946163,25.008551115140712,5.773136846098218,107.26523731562547,121.05826907019754,0.0670000000000002
a474b988-0df0-4de8-bdf5-9d617a73f66b,9324.180400981691,3.127523498508974,61.231512786273456,86.34691314878664,33.35301183452435,6.202015486439143,108.13307918485012,114.6826886914146,0.0669999999999988
0d741a99-1000-4a69-b8b2-354eca5d0b10,6558.3491825591245,3.0959867373743974,69.42180319098365,95.31530032769184,23.947082130870147,5.8665157395615,116.90501075051786,131.87962061630802,0.0670000000000006
1ccdee45-c53f-424a-870b-c2a65bec6dcb,6249.714329415657,2.8923075972358925,68.27033621897147,91.59918237544439,20.12316200443593,5.504710991732686,119.1954056514762,123.75431281405623,0.0669999999999997
5975039c-e41d-46dd-a2f7-c7d10c000fa7,6255.780704883632,3.140296103595417,77.70472027325539,89.80811126974017,25.357915250787666,6.035463846472326,129.12200682044255,121.4424989175677,0.0670000000000002
56a80258-dbaa-4c20-90a1-417753a4eeca,6503.103349814908,3.259720297938539,73.18668368290845,100.132811908497,24.564575737157718,6.157467547688881,122.95850842015642,132.40945596512296,0.0669999999999997
9e4fd99e-59fc-479d-a2c2-9e1bf17835de,7301.5449111674,3.0426527750144405,65.66555567531451,94.33042639600457,25.04702707770263,5.856204804350922,113.80230234205683,130.30977653570605,0.0669999999999997
3042dea3-33ed-4c82-a90f-ef831805235c,7429.419377202602,3.215946141546095,74.65369762562536,93.60189169151225,26.378245363394637,6.181738667490395,125.69288728811213,122.84508179447494,0.0670000000000004
8e61b37a-77a4-44ba-b63d-e1a64e07700b,6035.078746894237,3.2821942136813016,78.364568905079,91.16936522412416,27.376061280096813,6.366232624851681,133.59155615453696,117.30990109710014,0.0670000000000004
dd76aa75-40d0-4a57-9755-d2ff8e380d88,7218.358362093967,3.150979402343752,72.18696317506172,95.50319813510646,27.784558292244462,6.1499962685122345,122.57988665473952,126.26880686334047,0.0670000000000004
8266c0de-77ce-4a9e-be8a-021fde5e26de,5727.181812234763,3.0208335339279304,70.82989785913296,93.09647872993023,19.33167268272362,5.513368069380672,121.27246831873472,119.91775053651361,0.0670000000000004
3297a58e-3ab8-4e3a-8ec4-454e598aae6c,4359.853148311344,3.7156959418049857,107.80432763415745,120.94988506938732,30.509453976539323,6.954915821729593,156.0025318204408,162.46928390529763,0.0669999999999999
63f731f7-03bd-4859-a2fd-915e6a43411b,4734.687799344323,3.8693695539377475,106.71042706296416,123.92760440116521,35.69372274896344,7.33980854602463,164.34047185512452,171.12503456201844,0.0669999999999997
f88c5300-4dbe-4ada-8642-8e45ea1970e7,3678.556668241876,3.3352253556462763,97.71311358992047,119.07748970642945,26.288834329770353,6.33885649063248,158.76553789071025,169.8397098548956,0.0670000000000004
16a8a7bc-0241-4aeb-ab70-ebc097db6d39,3571.932519397751,3.484349426716866,111.25799627347372,113.44295625273558,25.902787339478717,6.414560442407412,171.86991392001286,152.3714798647342,0.0669999999999999
d72ed3b2-96dc-437d-aeca-55afe33ab099,2986.658508540863,3.382165889085951,108.81384484000557,114.86625065916635,24.556272666486816,6.23171733114668,176.00879089499824,154.77060684920892,0.0670000000000001
d62b3ef0-9834-4b7f-8d69-8584461432f7,3542.1161240108504,3.1160361587500316,94.01156306499291,103.68664522947459,20.737981398507227,5.746013378014703,147.8789815053377,145.93091257588128,0.0670000000000001
61454d26-5fef-4051-bec8-660fc18b1577,3880.974974198746,3.468260285342439,108.09572345935176,126.60175889327454,26.147276124640097,6.482127846383542,166.43306205380895,169.5631351193444,0.0669999999999999
10c8d988-14e1-4079-96a9-6ba39c2c9540,3641.514366692538,3.660135491515081,117.76293272485978,112.75526662452683,31.905400326406397,6.915514154921586,185.6382233452401,147.02395885685553,0.0670000000000002
f80cb97d-4e02-4a73-9696-e21ac0e6dc8b,3873.2638817794896,3.3354243526332104,95.86817535194182,119.93674683079348,21.331736062931995,6.02161855817022,152.80234148870665,167.94425451767802,0.0669999999999997
fade5de2-e4ce-473b-82ef-1d73fc82cbdd,9313.536970600207,2.2736814190997374,32.82340885243673,54.97080882194442,20.5267824397196,4.528554635288655,69.00071803414984,70.67565934151135,4.125
7dbd0dc9-fc0c-46f0-9bb5-3fdf1313fb91,9563.731680855233,2.6151586935899935,43.740016671313946,60.63539165731228,28.181909102875156,5.312773359520355,83.35766284234984,77.35494039127926,4.125
1d90733d-6801-44d5-9529-db295dd562e4,9858.882729379111,2.9851837477802268,49.15383546150429,72.11766127016602,33.817901716529875,5.990129058602138,90.01987704939994,100.57793593691687,4.125
7b84f284-39a5-4594-bce3-d2b812bf19fc,10167.276030922729,2.928380622306791,47.35420940352431,70.27033074171813,33.537128321636885,5.86366180279348,86.57601184427418,94.5924653808717,4.125
7a51955d-d58e-4698-8a0b-d47097a5888f,8684.24997940168,2.4291185242949846,37.35649547488631,60.95132251915983,23.06400509107725,4.795349900573805,75.71377238580153,79.46354280608114,4.125
a60a1947-dd7d-4f68-a9db-f32f1241dd02,8668.518583168434,2.599327525912308,47.84295513869139,63.11613575884108,25.636337064096864,5.191410781359949,88.02485786058514,80.29609384633385,4.125
6078548f-a169-4a41-b05e-0af558a807de,4164.455134603703,3.17105242828692,87.7927539903627,89.33369050417427,27.398829223213216,5.952763860657533,141.45282362776786,122.16396479189282,4.125
3a83209c-7f14-4ec2-9d52-c826c47f9fa1,5615.507730779231,3.430382998499275,88.63892502487091,98.45319814978004,33.20930880829535,6.436500159133039,137.65307086918594,133.04611284487424,4.125
9b710395-2f04-45dc-b0ab-94e4e0b27522,5453.783151761321,3.3298605163149633,89.04971636588233,78.0442923960969,25.52724136779914,6.090383494136634,136.27485125476986,93.70557458309801,4.125
aa937a97-49b5-4b95-8abd-784dee1699af,4299.001322454579,3.489200861713668,119.06952755764456,90.59313591503243,26.449987490748654,6.149898362643369,173.72550619416307,121.50333033359173,4.125
680d1f5a-f99e-4b36-b545-82a13e106f11,5549.398702670539,3.74329532650294,116.4568605517315,92.79670439187257,36.80862892229176,7.05105258846065,174.7202741793632,101.8801127978051,4.125
6b2586de-63ee-4c87-99a7-fb83e5104b28,4973.644567234047,3.653777628228834,114.87106891486968,97.98199746326995,31.111136248453533,6.608264094675516,171.15514213642194,118.73249067978108,4.125
807b6aa5-a7f1-4368-9cb1-c53699650f97,4611.128046003031,3.7932865332966292,109.88617752963441,104.82088639343324,39.13326459299089,7.218537673917965,171.30889523766888,138.5641305289717,4.125
c5bb9717-6414-43dc-ab15-bebdeb8b3c80,4979.377471375815,3.80511201527943,118.65510237023013,96.87570533665408,38.03677731329497,7.175190111902332,178.34750874336274,117.81376849066208,4.125
cd29903f-6706-40eb-b12e-4f2b3ba7f6ff,4412.1992868967045,3.7676725610820836,111.50560606038621,96.02055612739254,38.95469655184799,7.211102017211055,168.43341839215933,134.49115542733725,4.125
b7a7f1a4-aaba-4817-a760-48caedc7d56b,4771.760694250052,3.657960285271846,112.72631500032458,109.74689578880923,31.29651178790074,6.612636589021151,166.46776824777743,142.61065094760647,4.125
39b802b7-e477-43dd-9f93-b2552578ef58,4343.303897896106,3.545321795705547,109.8974565204592,92.19801226545829,32.833441515239194,6.578116894812755,176.84617077087594,115.0185515190084,4.125
64d3d8eb-e603-49b4-a5a9-e3996a69dfe1,4893.803447387113,3.9479175387212964,116.1930640828677,120.57348242752815,40.2743495012661,7.364106350553597,167.50365963854492,151.76020043207654,4.125
0ca3f1a7-5d11-46cb-a691-b2730333385e,4629.786848801078,3.4729244611040997,115.2685361535703,103.42582025082403,26.86171277196565,6.110534149580012,168.445518514204,129.281627093717,4.125
4fff98f5-f6d1-47d7-9abc-55fb361dad8e,3645.8657381074963,3.8030317057030993,132.09488875827407,97.69397882011187,39.2318071938562,7.235734407365573,203.70780758650264,131.16664340873177,4.125
a8581d22-ac0c-4c86-b6df-c8b461d63898,4057.5005625020285,3.7631524636389027,125.4675397126494,107.67537734345733,36.18643746803538,6.991009685668257,197.1763442245332,137.42223258520815,4.125
94e3ed32-2e8e-4b8c-aeb5-0091d18f55b9,4451.923639914884,3.943815439897915,128.91313859660022,107.1676137372457,44.882584919348346,7.5763339568110935,199.71618233096,134.6592041509911,4.125
af256994-3c1b-4370-8675-53bb506c6bb0,3840.963635219175,3.8459057206660763,118.8317017968553,126.48230587636725,38.816391167448906,7.2235989482108485,178.39733036706767,173.0190141263491,4.125
9d0a5f17-2db5-4831-91f8-ccd900e01eff,4478.664995870181,3.9293068290826194,133.05044163040031,91.61843594857346,45.86622789552442,7.6288649693358535,210.98409472248537,111.53034271075342,4.125
e8d19c5d-392e-435b-abb3-f99535fa6bc4,4768.727436264993,3.9688441251907305,130.7202565735266,102.44057840456176,45.76762475794433,7.619602668654435,203.78400013889927,128.94249209299227,4.125
1d42d407-cc60-45b8-83e7-485b7deebe53,3486.878168295924,3.9149971607919727,127.75834271226918,110.1399125470168,42.56084095835312,7.486340488381882,196.83290506243273,149.08427393302665,4.125
48e00cda-b004-4b3f-a8a5-dd066dbdf245,4722.940493531115,4.0016686896256735,129.82253219958125,102.7482304862416,44.721968605291956,7.704914129591564,197.21617705072083,129.4570269185452,4.125
3116f18a-c042-4e5a-93a9-ae42bec025aa,10017.385564382197,2.119129446510201,26.610121028947454,49.013891780723924,22.126009308766175,4.374761909203817,60.88124784565891,66.96943822589462,4.125
0ed7f60e-3a8a-40b2-b6f5-d013913375c0,10166.863103347201,2.5462947199056947,35.288868050094294,49.86207162460713,29.875612079974463,5.210666857753046,71.85428648003717,64.8374205990884,4.125
f86ce1a2-98e0-47d5-940e-33d8d1db8c2e,9404.789489823153,1.9238166831868202,26.203462196527287,37.81702595834825,17.433577127755242,3.859018052037822,58.02405341986002,48.32564916099086,4.125
a5027456-4585-4760-bfc1-007c1058e2e3,9779.664732287853,2.213658138134223,31.401628808014692,46.68462042202376,23.92634222996613,4.4523203341951785,67.58613926992211,60.21248545254432,4.125
da503378-8adc-4f26-9c4b-5261dff587d2,9641.513107441428,2.305279229412814,29.704497886696394,50.93114741559212,24.313636223843996,4.548385048485677,64.0314188481699,68.41723680601712,4.125
fffa56b9-f854-48f0-9949-318c7bffe27f,9948.2761432503,2.509885187857679,39.020254820915284,43.949991847827384,28.034036473209866,5.1185893812315495,78.72774771941891,59.706988338876,4.125
71aa0826-6635-4f90-88ab-8e3bd8aab795,9149.434995487936,2.6377968641939282,43.572472449214466,56.39259654848922,30.075415936064605,5.410085795928298,82.97955933828962,77.38704052133423,4.125
1ac8eb89-ca97-4d3b-bc32-30b1af1400f4,8762.302027610822,2.5673649610245457,47.052354866361185,53.9300348044364,26.008174813365233,5.065125930100364,88.41585929617202,70.48783380666131,4.125
3ee5e30b-44ab-4b3a-a96f-d35585ec7b40,9596.008903367003,1.9079160098383514,23.720819125215165,43.465336002295416,17.139722177631455,3.8461681994062107,55.50887328442907,54.65365902061103,4.125
270e5d94-4c6c-464f-953b-76c068793478,9349.356043634009,1.9011206717101188,24.60443084834392,43.496406690995265,18.51977021043308,3.9051086121091285,57.83934326776662,56.131236304919696,4.125
6b70a892-6770-4486-b162-e59c6f59ae6d,10653.377813046438,2.6908258556448152,43.49398745547476,55.40406069991601,33.18730951255483,5.576891171892599,83.88577219944897,73.7589117305946,4.125
9161ccf8-430a-49d6-abb2-293c4c3fbe80,9951.170698047688,2.842546098179508,54.189000255226475,63.00872826649617,31.97489693307639,5.76791883433071,99.4035096920377,85.62500945137286,4.125
90c61e41-5688-49bb-9ca2-b73fbeb3288a,9040.464706676366,2.901130228633578,59.19171264765262,60.589846948395774,31.307879847710137,5.841016065635452,106.85830870145709,82.94312245009556,4.125
3ea51f69-2eb9-4c2e-a1d9-4d816aa97b08,9043.912204976286,2.5684343611751808,52.0909163650949,56.30139640960299,23.26859163282471,5.060280555347202,97.66448549819167,76.75656302202694,4.125
99c79f28-5771-4e5b-91f4-aa87bf51e2b0,9887.991310553358,2.862699900853707,54.30607515151815,64.43767153081761,31.341435014572642,5.765402316862481,100.72546857945741,88.31741805478151,4.125
f9733a91-1cef-4b0f-90dc-ddacfd3f9207,10108.542793987903,2.9937369174043194,53.63734236023951,64.98455161942695,35.18528666169598,6.104961330534857,100.7368847605526,90.55337093068408,4.125
210c0180-08cb-43d0-b5b4-1b1117611dd6,4666.332920559348,3.448079121725024,105.59300518631173,91.23806462672206,31.301315859329723,6.38392640555021,164.47558346341722,121.04850143491738,4.125
0ef6ca24-af21-4658-8e19-20bf8a0d714b,4546.11700744929,3.6282987405179994,109.15492299951349,90.69904305608509,33.860617178941034,6.736406079751745,172.8764880379154,123.94861297262594,4.125
7a7ccb88-710d-4fe3-baf9-a8d33c3cb064,4980.669883881893,3.368031719204743,101.2625494668059,85.14581262764361,22.28659871956427,5.871812075381035,154.7431723300588,106.11343619750257,4.125
b8fc38a7-15f9-45f7-b883-c1ca65414d22,3400.0709543035728,3.0928583395571145,101.34414487738823,87.16519138995423,25.056579341713594,5.699021788306984,167.88435732491035,127.4546557919183,4.125
8d2048d1-4db4-4c67-bc6d-e38a8cc2ba1d,4509.551759210218,2.57890644215612,89.59503004083885,77.42931887448209,12.283339777472023,4.321597858078304,142.18846494200966,96.6443510743996,4.125
99511564-6a31-4de4-8aec-33b83ef2e4c0,4036.697603707282,3.4007775894283663,105.60662371388057,98.06620381835818,25.358173167562033,6.134794469126534,166.83264755974133,130.7603380933577,4.125
b3208d98-2e86-4acf-b357-8b77371876b9,5021.909608845186,3.5761045780202076,101.38438685984968,92.40363069573407,32.18129089412854,6.605463889421268,156.6588086295728,121.07555169116968,4.125
c43183db-63e9-48dd-9136-f1570d5216a4,4747.072147219511,3.488278671915033,99.56429492549766,104.4858234738036,30.990414219423275,6.520155113023145,154.93855399055195,139.36309520314828,4.125
4d3182e7-7d29-4145-ba88-9ccd8807048a,4972.487375413606,3.733908020242826,103.84649411476329,95.2530741476301,38.88757758919451,7.090516541941587,161.77737076337374,128.78037202522097,4.125
4cf9d11f-5bf3-4d1c-8fe8-abe6f14769da,3706.9522352176677,3.269014405312028,103.61021469240659,106.57953902798778,25.872520575871622,6.133495735444623,161.9102474170662,145.87218453890736,4.125
1a5f7f11-4001-41ec-b10f-8e2f52146861,3941.4702975404252,3.550809560038878,113.94267011980033,105.4057796282621,33.47723754729569,6.853623495110005,180.26028856856996,141.43073605239687,4.125
a1a43564-7bac-478c-811a-d8ecdc43837e,4968.10472000106,3.5679605252852604,99.70602766674898,110.68506169729271,32.321490957668345,6.56166290666274,158.25191445245258,148.40795195847008,4.125
d0ce896d-b9fd-4e7e-8ecf-665ef6dd7398,4232.603137648018,2.6245233987195005,100.04514505325692,87.43918020301743,12.97411497852754,4.345016869194849,146.37101136170554,104.22946048306389,4.125
0c00be04-9b09-4d3c-8f6d-3536c0c7bc98,4426.884066826588,3.6912613841590685,107.05660752683406,113.65074579175608,35.17779478709386,6.888880535053171,159.02709316977666,153.8761776104418,4.125
eb3e29fc-4cb2-48c0-92bc-7bc525aba2b6,10942.030447585452,1.9747589672066785,16.09892508542521,56.01115629971045,16.50597425073238,3.996285218845506,45.73985809053315,73.74209865184686,0.0540000000000007
be945669-39f9-44ef-88da-a875a15f7dd6,11072.881095532273,1.9749135347561582,16.581005046777136,55.927872033088974,18.99436416211158,4.05154549282519,46.001254328594946,74.44760077164621,0.0539999999999994
7748d859-330f-4220-a66e-5712e6f1833e,10845.261452249813,1.9585242336543205,17.582034319448233,54.58794172691113,18.99237785956617,4.040015076900019,48.54886929768826,70.91320557812773,0.0539999999999998
28f8fe40-2262-4f2a-8925-2a18de194548,9770.788779399269,2.7168599585048288,46.088094559658074,73.9989257166809,22.648978298750144,5.3009002079226315,84.33020209520198,102.04697401596133,0.0540000000000003
7ef36a5a-1f4f-4aff-ad34-2f32ec108530,8911.041703694465,2.913190831851188,52.993127651638446,70.35103460032514,26.96227927302868,5.720369863243898,94.13728389686052,89.91564305073594,0.0540000000000007
47081519-e5dd-4ea2-8da9-7604be165720,9434.33516816108,3.0441441874973836,51.0166554224689,73.31081042653554,31.305047804871787,6.093580650318669,91.17959602513008,97.62846373478786,0.0539999999999998
a7ab91ef-722e-45c9-a70e-24beae43e747,8528.14992501383,3.2173131232859564,68.84551046332582,80.16455993923599,29.49325017986084,6.237896685093376,114.11287222215951,105.26150438034419,0.0539999999999999
eac4fc68-4622-446a-b55e-4fd0e7db6473,8383.538605402111,3.24217921233982,65.75944672509775,86.67862530508899,29.738251771294617,6.298981416802132,105.72556478275689,117.12780917559445,0.0539999999999999
d69e8735-c51a-4f80-8d66-63c8e23fef6f,7374.354362398923,3.277626080740991,76.27846033881801,87.1939050596217,28.66113281285324,6.2725043301600225,120.96754509937524,115.33061645571392,0.0539999999999999
d3ad4585-b076-43ce-8ab8-7d9df7e9d735,7136.874815293875,3.309039023583949,73.73678223645433,91.7819796794257,27.484296140651878,6.384134609532655,115.35223832601577,124.86675512208822,0.0540000000000002
18f46bea-9fc1-4519-9887-95d53b249f39,5457.768945921225,3.507895174907541,89.3738322696647,100.80907521901926,29.47842667704843,6.609470014926887,134.4415086652907,138.02214866358997,0.054
00e6272e-7190-42d7-b728-1d4ebe0da1f6,5472.575952418535,3.5930137174195838,92.88303391620208,102.51841348076076,30.031052253665212,6.7096965416950916,140.46463406292878,136.25182456507676,0.054
808af5e0-507f-4727-8d1f-496f1b4c805b,5879.211030500735,3.4111261771527355,83.69591095998713,99.52872605026822,28.516759234575982,6.440954778251467,129.76899873998033,136.87650941875523,0.0539999999999997
348e026b-1bd3-4620-b060-1da8943477c8,4328.59204783856,3.6018105994184997,111.70015802665256,97.50495397762467,21.797364612096068,6.449182913719487,168.4636983934817,128.49240162462766,0.0540000000000002
bc99463e-5e92-4b58-b64d-66b0a94e93b7,4932.831375452095,3.738155737392821,110.14274161418317,98.57746126447789,32.17278620285945,6.959324399635304,165.09476018621484,125.88327565462217,0.0540000000000003
faf3ec28-791e-4095-9bd7-0d9dca8a8832,3875.4417503171603,3.7538885150840846,131.77759835806071,102.16378310157518,32.97333308730029,7.042591638355975,206.11569614550092,120.1467159079262,0.0540000000000002
167da78e-a12e-4dd8-8fe8-7e62e0915e57,4133.308043073001,3.8541076585974228,125.42591430775306,115.39165313040512,33.35397544637075,7.08444464912277,185.55828928602182,153.6002830176331,0.0539999999999997
60c6fe7f-5150-4189-ae56-78ed311f81e0,3637.2453869793476,3.9990799179468466,129.1674960308736,114.69162634919171,38.667272112210334,7.604333181300323,191.89489635650335,155.95637837216668,0.0540000000000003
042ad28b-091f-4fb3-8cd2-9d7133d9e535,3425.4930226590022,3.577643090311335,129.715663481076,96.71502085192799,28.803121083917027,6.536936724240035,207.8962500974531,119.34162639823883,0.054
81c11031-1340-46d0-8b71-6b32bbb43c1f,3989.4280508641496,3.76024992007391,128.6633992215373,106.54593722119182,33.038584680287585,7.016831906167849,196.6034024741541,134.09480031528096,0.0539999999999998
7df4df72-67f4-433a-abee-cecfcc264974,3234.623420128983,3.8145928857012046,128.1423265230467,108.77656761586915,35.56678791900885,7.518858113640123,194.3294168764399,144.72286032223934,0.0540000000000002
b52b01c8-1b8a-47b2-a709-e49800573069,3373.331930045619,3.9774915400816404,133.3260227119059,108.70427575805658,35.96742949652415,7.48654081513425,198.48990907664404,139.81180803808473,0.0539999999999999
b79cef20-723b-440c-a2c7-48ecb20d2165,6996.141133648474,2.674235693299674,45.98146562929647,58.336330918929434,31.31553843997694,5.481090335663945,91.53602269241475,73.93070051702853,4.125
5acd70f3-f7ca-4b58-aa64-be5f2abb9a25,7696.345925999904,3.049640864184661,46.694183256475156,68.66988695607556,38.93937757659872,6.2085909419532355,89.15430099982626,91.00134218924153,4.125
708ac8aa-37f7-4fdc-aeea-76cfe5b0b62a,7418.936510435443,3.1082093823668435,47.55816274208666,73.68370004918742,39.071457721592175,6.293327887572482,92.59166285939165,105.52992562378242,4.125
ffe4c588-b136-4411-9060-1d2de4172e25,8606.89329699576,3.056140545616713,49.680463123257695,68.89829043882389,38.96224899301493,6.220246276052897,94.50634526492541,93.70716267207945,4.125
5d5bcda0-c3ea-4ebe-b5ba-a013554dd38c,6139.7874133689775,3.0558162191774603,47.43485596335984,67.45757603515484,38.73446518511337,6.236832794274216,91.00791438525026,90.27407387609577,4.125
ff8b6352-94f3-4e73-a3ec-410842278af1,5220.384462824698,2.2117910070627342,55.38767205341098,45.83315983141185,18.9709063076601,4.329842456814049,111.3307201829332,54.13204119556482,4.125
04fa2d91-e66d-45b5-bf8c-2db0296c8d7e,7291.989273680244,3.1860082403381234,73.30904605173937,68.30023162279161,35.388964881776566,6.311774966165586,126.96975370418265,90.38957337154235,4.125
595a1cdc-a5d4-45c0-b278-25f27af37c25,5755.316825359273,2.9069399397862874,62.983997757047945,68.69845081218823,27.083632972731646,5.550728991966724,111.61267191853524,88.90529840453135,4.125
0219dad7-2f40-4586-9ebc-f078807d5538,5081.113693398678,3.325137282206274,98.89917352902306,87.10375435884225,33.0961536741096,6.312868612172512,159.80737725165548,106.62745097489199,4.125
42d18064-1646-45d1-978f-a220ed940cc4,2629.359253126219,2.4563805204870643,67.29934647276471,81.04366306055282,17.622667700370112,4.5806571265876,124.27812571913819,112.37181347579921,4.125
bbbd0550-79c6-48fd-8613-2f923fd4a027,2077.3937794521726,2.862762386313481,89.67681366999774,76.4717864013633,25.746755490192275,5.527201048655413,153.94554580430443,97.44698843276203,4.125
387d398d-5304-470b-95b8-e4d4ad3c3e65,5505.689311193145,3.517852228614918,97.08210453170896,91.57059415339477,30.898373192733352,6.508113826406198,151.09413769658016,112.5226565340645,4.125
491c25da-504b-4c29-9f17-98607be848ad,2750.310362844599,2.2926920534281416,58.845654936009666,87.6857755278778,16.675830737680208,4.31034668509837,108.86707286088576,126.6567099046601,4.125
fddd9b0a-0445-4d65-8cce-6fcdaa7e5298,5232.276310309943,3.3801372671942427,88.8948774630888,84.8380807741241,31.873056819493705,6.396283122250083,141.1459646165237,108.83869003485384,4.125
d091ccc9-7f22-48ab-ae96-3cdc399163e1,5392.220734790558,3.514914237828917,102.03550097210456,74.86633435490629,36.45087799891491,6.792355049380318,161.11322134542078,87.8497176001912,4.125
591f4c71-dc15-4ad7-b450-409f3dbf50f5,2102.003717915997,2.7452368123377076,79.02106780139427,83.30967380998956,21.88764020634546,5.1786724985110615,138.60344846822488,116.30294000897113,4.125
6bc8c5af-d8d9-46f6-801d-4765cefa91a7,2273.1709535667683,2.8426734544333034,94.51979544187124,78.94235758800076,25.135399727042646,5.488707559384554,164.88158610550272,103.76810715014074,4.125
d2265ea0-2f5e-4243-828c-4431af3429af,2697.192481352837,2.98694707275634,98.67672592152893,89.77959316829555,27.37310211833416,5.799483409866724,163.4004506300624,123.8763460076394,4.125
f8ff0e6a-2414-44b5-b415-5594239e2e81,4186.931301714259,2.863351645359464,96.75212991504107,80.78714204873853,17.664127143685917,5.146219059189503,157.95140085656678,98.49129613776024,4.125
bbbb583d-a9ae-4bc7-ad3a-62107a32b771,4693.695583530311,3.6018320229973226,112.06406726279735,81.08329876674603,38.07598396199015,6.901784851794915,182.6850113331716,96.66158325229912,4.125
cc0c9073-20e9-4ffb-85d4-1179d04fed1c,4799.791435364982,3.481024505147456,108.41673966251003,84.51006784132579,34.957555678573655,6.606457856179116,172.52565074017812,101.60478977941939,4.125
3608e3e6-4f53-4e8e-a08b-c9464da81b8b,4035.440530027622,3.419420423552035,102.58505784460085,108.66640474987408,29.567189028444343,6.407393665218549,153.0205285916535,152.75558390818392,4.125
9b2648d2-03ec-4b07-b910-91ea102ca3e1,4876.369461072149,3.524298823867277,110.81379147302269,69.78879688419018,33.12258299916165,6.556632382146444,178.4324235341044,76.11519604403702,4.125
227c34ef-7482-4e1b-8d29-a96940a950c9,4485.463207125489,3.42639438131532,106.95660096180315,80.15591154706753,32.74519204283317,6.528783877322847,173.86659526627918,99.68422062762616,4.125
bfd40641-dd39-4d60-b3c6-8ea540ffb7c2,4587.531365730689,3.5104360505344423,109.65857707619398,85.28681335194977,32.63122477401553,6.542208341507226,177.4624432538551,102.07335201550408,4.125
f89a98ff-1ede-419c-9276-f4dadb7cfba1,3375.582358822745,3.4786719226712552,119.10095758906655,90.3740265883163,32.9874514772151,6.601749513479265,193.85817185164052,114.49766493990566,4.125
e29d220d-e583-4824-91c7-73d521f11409,6650.48424262969,2.2951303728964763,41.48052523286691,65.9043266229101,17.48404998406715,4.417210872560021,80.27899579841903,90.30174005580358,4.125
c6059c9d-5215-4341-a6ad-ad081e0da71e,6846.684509132127,2.620767820260927,49.981231502124004,82.92424472129707,21.888998612327864,5.017399966698705,88.7674053942978,116.72332235048776,4.125
96279f8c-eb40-4710-9a52-f0d150473447,6477.543938453479,2.844361731407452,59.01470185363638,71.97580568983756,25.79142366926588,5.44211760691953,101.74470975320612,92.61008691589346,4.125
7d8cec22-fbdc-4bcc-81b7-7380ef4b91d4,6738.080850917686,2.823622559677712,53.52405719704745,76.2940511168238,25.706099310128394,5.3734859928147145,94.03897846311844,103.43882311914498,4.125
ec8a1dab-ff8e-4a63-830b-8a16799149c0,6347.444071820507,2.9559618744851885,60.49881459372037,78.17591173261239,28.811695127863313,5.702137544870169,106.86892785188928,107.71668149599016,4.125
9561dced-c1f1-4bac-b6c2-2454d4987f9b,5170.056876582415,3.504589937887913,105.4270597484358,90.32011489090478,30.463984865060894,6.54320307462856,165.50973960201674,109.38843178872548,4.125
1f783b9e-43cc-40ed-a2d5-3324c0f5bec1,4371.273544909258,3.441482247700345,99.84174964487794,105.03395287947865,31.213763256452935,6.4638877964249914,159.2502346148874,142.40199515375454,4.125
166fc52b-0005-4970-b280-95d6e19d12ad,3484.220049300006,3.2244958548825347,101.42899886571126,99.94359641761585,23.493465952852425,5.72719812158038,161.23572660277554,134.63303842219662,4.125
f95d6091-d194-4724-b1d9-155dcaf9048c,4455.951470403837,2.242150093538862,92.57078552987781,92.17902073373291,11.969184208826057,3.961402509001993,142.9295442206778,108.8874561463075,4.125
811db87c-9be0-4f51-8953-0fd927c44651,2483.220590180007,2.856944810246729,95.49579807075412,76.03153909536042,24.718275392416434,5.470340876437298,165.82002983832905,97.01515436955879,4.125
d5669555-031c-4757-86e1-d6c5c285c902,4029.6159160195907,3.411548948167358,104.17399758469793,93.28427470875262,34.34611851467031,6.491597543202897,171.89472069084863,125.49503759844083,4.125
3fae5f8e-a463-42af-9f8e-fb0397ca533f,5806.906001101863,3.6996445342440922,105.09282494747822,88.7050905031476,37.96756025276873,6.9993073663593215,163.94170901484694,98.29724296081845,4.125
2edb8b56-2630-4abd-b98c-0ada0f8d6549,4639.307084759281,3.4742708740407857,105.06400865049207,98.11852693407408,29.944007374399842,6.43929745832172,161.56087102053286,126.95967048417843,4.125
e41859b7-40f3-4c2e-9d3c-4301a98063b5,3344.914771530846,2.949953853398156,94.00221825064284,99.77653564151036,18.96838436458047,5.112199685872833,141.90750116729757,140.76706229350137,4.125
d88fce3b-9ce1-49bb-99ce-7e5c155ce981,4193.713087673607,3.2623579399697338,96.5235640449382,79.28368358097543,37.85830406619194,6.597777118876488,162.0475282762794,97.11360165775407,4.125
0b6818fc-92ab-4810-a8ff-9e03122846a7,5354.941042063367,3.726180830353046,114.70221981934134,96.10568737472687,35.10973533790137,7.011670305161126,172.2343774369464,109.91511076060888,4.125
bbc18060-daee-4624-9223-0a230f154b1d,3979.9272952663327,3.4213307511440387,119.8700054128324,108.69121572608427,25.925018686970184,6.011389873146966,183.1163883047082,140.08728432977455,4.125
485535f2-191c-4dd5-bee6-fbc97986dc8d,3653.4707102424636,3.6135457096254,126.19442411472534,102.7796012286567,34.342271279928255,6.7899407672695435,199.3901325978305,131.70913006398598,4.125
6f17068a-d1ea-4395-a482-131531421b9a,8795.312425779324,2.959144670477738,48.601712087420246,70.26923953763443,33.89963584301694,5.943498865858067,94.21875117421682,101.84878064791957,4.125
5569d48e-86ba-472c-b33f-57d4f7845077,5734.736975394552,2.9065933323318682,46.96773466788693,67.892288470171,36.58266575620054,5.949800078495839,88.54174027352066,93.50162280706365,4.125
379df2fd-4350-4301-b0ee-43b3bfdae90a,6872.266274592436,2.5350080587854706,43.39845807219018,66.60041203207558,26.845430084911303,5.170864945963664,84.66092450575319,92.57392569914033,4.125
286594d5-5ce0-41fb-acf4-3a50aab61c28,9051.616665680102,2.801755978357004,49.87433321805705,68.28297714075687,30.786761743788176,5.659209465771219,94.51147574729353,95.0740307522267,4.125
c002673f-c3f6-498b-bc95-9a573fca1598,7113.924565531249,2.9151526201184805,59.15081158082513,74.12516895637077,30.136991510436665,5.734186421770994,105.3503088465893,102.02750719209057,4.125
029403bf-f42c-473d-97c9-4a47b9b3dded,6131.584058132505,2.8176836349308783,57.257735062774444,77.7201592140786,25.969488308722998,5.349611264408693,101.06536989176305,106.86915320204663,4.125
5df4f306-471c-4def-971e-2b2157d673c2,5101.550245391447,3.0575262765473594,79.339742373646,84.14004296773174,24.80116999718299,5.648064981872189,131.43581460116738,105.11043292926485,4.125
c2955498-d3b9-4610-af2c-8c0c379feacd,4960.469084274454,3.1048338275763294,89.33058584012349,76.20642938571305,23.370453969201165,5.470645393182181,138.02233678648633,91.3465952102382,4.125
f8ed8e37-3d8a-4c66-a2e3-a954ab2d4bd1,4677.013435037302,2.1978544782354836,61.368646744257504,54.180260974214804,19.792635067890956,4.392964075407183,117.94198858811728,65.74886746513559,4.125
79752d06-7b55-4fbd-b830-d54d5634a1cf,5091.567064991751,3.0390718856856,83.38269785818581,79.82281700689533,22.680806876917217,5.470812458480303,134.96028577641965,96.23757753346862,4.125
63553204-5acc-4f6d-af67-eeac78d484d7,4849.838272166726,3.4022258244579398,106.68254975708587,75.72091832434226,30.943510585071493,6.468719980816197,170.74227555152373,85.76958850006066,4.125
3ee259f1-69f8-4df5-aa09-5e3bdb8dd3ab,4024.425543160565,3.3492256419149435,106.72911626403165,99.3408494330019,28.582840485576423,6.351809671094802,172.02426527586653,125.75816388257486,4.125
a4b03367-53ee-41bc-8138-a2dddb1833a3,4472.826511742112,3.390669997138965,110.11822071495777,82.26528333853012,28.96757026711354,6.335031665332569,174.6936646401485,95.12200574584074,4.125
3996cf45-0a44-4342-bcef-adea687338e1,3609.8792274884045,2.583542405378295,85.13670368958732,103.38579478310064,12.519972643738654,4.468003100041781,134.49593436063293,142.4435701698449,4.125
9bf5e963-e351-42a9-8e26-0afc9f4624fa,4981.664192177699,3.187458775213607,95.85357110151479,84.15182884117492,25.070598054022984,5.89177453658519,156.1384012384328,101.04554200927579,4.125
6303dfc2-e2ce-4db9-b819-97a3f90e5cfe,4378.255624664503,3.160027014205445,100.13037223339973,89.673648992757,22.372299351288678,5.6392638968001,156.87668466108101,113.87136730026747,4.125
34d6a583-17a7-4305-bd4b-f4b0c673e0ff,5136.975427019129,3.379202402201585,101.599537192127,83.69344475007998,32.92122903366136,6.43445297399704,164.08189780760435,100.41401332745116,4.125
8f2a8145-2653-491a-a857-f19ca2b93e9f,3575.690332680691,3.2898248959399496,102.76611845167201,104.49689658325899,25.224237402323467,6.045891447198076,163.06801959490946,138.54676157523184,4.125
1d8787ee-0e03-4762-a38a-681a0c2e3a05,4903.322655144783,3.2501365830759013,93.82580362925272,83.84646002663008,28.304684968526622,6.056247885910329,153.11271662934976,101.19578493603002,4.125
7f9df905-2312-4ca4-b742-dcd465967699,5111.40970470945,3.256712020151967,97.24176002783922,77.17912406284421,32.54707457064922,6.256165987801755,162.6173282336239,95.33919433151385,4.125
2dc7e7a4-5548-438f-9c50-b5ea5e5bbb41,4798.54322519086,3.3698305676011278,103.40583978639731,75.66319115662556,31.173459675564526,6.431851594603445,164.88553938473032,88.39388948732795,4.125
f24295ac-296d-455c-8300-3e3d5947a900,4927.752699357743,3.3157444342307967,97.20702083753436,90.81143315874245,32.617587338398124,6.3337541593597475,159.79372202555354,115.57652037371537,4.125
a90bc9cd-f306-4a7a-bb50-7b9617fb41ff,5292.613841206201,3.1346880755186866,88.46578733988798,81.01883964288807,27.991805054553808,5.83524227844778,146.44554225945467,97.31483894498619,4.125
a1a1829c-eccb-426e-bf45-7fe8f2e65950,4602.282036383739,3.131438571415845,88.21512577352128,93.26220353195083,24.410957326974973,5.70261101706223,148.6607126589973,116.03859680053114,4.125
a69b387b-ac13-4c6a-9789-5aeff9854fec,3790.3858043621804,3.125077332388286,93.49157780336255,89.30881387771707,27.683980021606498,5.889983398451874,151.9245715404808,112.54130776659342,4.125
dd130ea0-e49f-4f7a-960b-48d5e4e8f1bf,4343.025850233268,2.9571278097260474,91.37003166039239,87.62467442617519,20.710867795717867,5.376649468484859,150.75872884844404,109.15755102186394,4.125
c4865936-3bbe-4c46-bbb1-db779a49134c,6285.781196266295,2.440926899321742,40.719474407967645,52.63334943375335,23.493429799564566,4.856997287455794,84.14710232287047,62.57604915628673,4.125
ace47790-7e1f-48a1-9fd9-b22a84ea9439,5049.43983626571,1.2997128044544675,22.256019092922877,46.75176819528268,8.125430521793797,2.5420998088417734,55.677379623186134,54.7505902693143,4.125
8a7a551d-1c4f-4644-8ee4-91e7a36aaec9,5826.202195346557,2.298681758688597,44.325833422933194,60.16463713499986,19.668305758210913,4.54568103924424,89.21162848487653,75.80922696345823,4.125
1362ef9e-4c69-4709-bd50-68f4750d8ef8,5527.948806669304,2.114101140994268,39.724801258364465,61.116454845280394,17.23296054296195,4.155889365045117,82.05805936466254,79.15378303604533,4.125
4b0c1c33-2414-4135-bd7c-7ae14052ed55,4505.890643458336,1.723365084613229,32.94465010363019,55.200522958690314,10.617948505148307,3.273623576473202,72.34149313573867,72.7816087524515,4.125
1da469d6-983a-469b-9a9f-93027ff1ca95,3789.5661516102455,2.4358811923997226,53.81123215507034,76.37983538087549,16.611793410830764,4.372222931489933,98.72491980126446,103.26956068930447,4.125
6495043a-2e64-4ca4-97b5-128e81f1d2d5,1768.2566613593265,1.7147490467176743,41.04307874974519,60.700301753605686,11.24142568234503,3.271408552094193,89.049338351522,77.86575454177563,4.125
f2edc6ff-e04a-41a2-a0da-8ca06aaad020,5292.404803249864,2.550369240778029,64.32340853649674,68.60722620478741,18.826698558714995,4.7290614860867075,113.2771700131943,82.40448455472374,4.125
b3554123-233a-47b1-930f-49fa88126ec8,5069.078475072773,2.765578150626626,74.60349992096575,64.96723308434855,25.208175602018038,5.346784980854421,131.51183772825397,76.68604451635504,4.125
851e2374-69ef-48c0-8918-c56dd9de72aa,4960.814365701023,3.864032700753907,124.37058670999204,113.64333621841725,41.96224643968395,7.445919848891919,199.57997138742385,134.76988939804215,0.0610000000000004
60e6b712-3a10-48dc-a1cb-ac2db3e3ae58,4088.6673652423087,3.6795776647210054,124.47633273724905,111.80694418857831,39.02437860044522,7.279464934456019,195.5585687028719,144.49296328178195,0.0609999999999999
7daaab19-bd10-430d-b424-4c2008668d1e,3777.8308120810234,3.5829086820675435,117.6178905424513,118.88102890493353,40.24702813480479,7.137869174599193,179.9722632231404,168.1231613383044,0.0610000000000004
347aa17b-d5e4-4074-8b0d-7036091fc7a9,3321.867693629519,3.4334507688158653,116.5163878235873,121.4077752492446,41.710186672044564,7.298406123439218,180.0501670957195,174.9649962091829,0.0609999999999999
5fc579c7-6d2d-425e-b38d-e495b218ac53,2875.741543776299,3.6844135905847777,128.05454444044213,105.82479695859088,41.99425471186509,7.416261642269237,203.66109183379217,143.07509193715381,0.0609999999999995
de23190f-d0ff-443b-b9fc-68efc445b715,3894.4719763061034,3.7208868205395604,123.6785919987444,114.33583153389168,40.33576175936626,7.249443462305597,190.67720214172712,155.16663601425682,0.0609999999999995
6ca86998-660c-409b-87a1-acae8bad44ae,4440.631251466734,3.7315867149614323,120.32297118753242,120.53702535667352,39.35224194211024,7.311942490250988,188.78719152817223,152.859437288771,0.0610000000000004
69e4503a-38f3-4e3e-b9ca-eb620e387fff,2915.641534827363,3.565617871826378,120.36854594864677,117.32788873921389,39.96175886662493,7.088018657997731,187.07035260967092,160.02834536408577,0.0610000000000004
d54abc12-1e8f-49be-a86c-6c5d555cae3a,3187.8685459567437,3.600733507045619,122.31330057351099,117.0328401763311,36.794084224320684,7.119943320076925,191.16279497031684,152.6175583958735,0.0610000000000004
a6e1adcf-d688-41eb-a713-e440e01e173e,3442.3002835330585,3.626638191177117,115.92898277109438,127.9746876216655,39.334218604156334,7.420034583695091,176.61498565038522,181.78731574965244,0.0610000000000004
76e725c6-2f8e-4877-8df8-b34f03ae16d1,3693.9213359858745,3.6212094688069087,122.87032692605136,114.68875353168833,40.29862913092133,7.228550557619632,192.97996866146514,147.8937612629329,0.0609999999999995
405a6fb9-2db6-4127-849f-7dea62d17501,3306.999116458914,3.627585906043913,121.79344706171634,118.59147888288906,34.179603303374414,7.004906827689145,184.10878533297335,162.36790801465506,0.0609999999999995
1be2445e-9a13-4964-a602-e068ce13a64f,3423.009376466037,3.5188993928332946,113.42962601657683,128.55573730172082,33.10581935194194,6.903930124904245,174.5610060601585,182.16868712719634,0.0609999999999999
bfd1e299-a9ef-472b-b544-822722697fb7,3980.133970853269,3.7230849874074443,126.20856622817288,107.15213269837216,41.87684137278836,7.364327602394211,200.73815027374476,143.86755900526046,0.0609999999999999
0afdaae2-9662-46ef-baed-9e77aaf0eb88,2762.2211351045057,3.419538535250944,115.7115303515481,121.43373040885952,39.69073679070696,7.303860472196393,179.54592195037307,175.45128410599293,0.0610000000000008
d5b5058b-acb6-4bd4-bbd7-afeb1edbdfc2,3831.6351213927587,3.816716967290624,124.79867077946135,110.88349817879362,40.74315957702841,7.404091455734345,197.51900055455894,148.82977427808729,0.0609999999999991
c35d0bab-985d-4a75-9f79-8b44fd27130d,3941.0315226625617,3.8235065394657424,124.3378580379174,109.5199853293925,41.73678659624679,7.4183215038524075,197.4379327141061,146.41958810257208,0.0610000000000006
7ffa783e-965c-4643-8c84-d2cf859172fa,3317.830548406277,3.5916392339690746,113.75628058234119,129.20073429620837,33.90942991822818,6.9526354986430965,171.4913905481693,184.0624565608042,0.0610000000000002
a1b943e3-02f1-4714-84b1-2f3fcb2468d8,2513.821363152989,3.721060380028292,131.0334250536823,97.0084950790941,37.875303787019966,7.210061286325277,211.39295519903408,123.57095899834863,0.0609999999999995
d3147b70-2db3-471b-b241-37756cdf2501,3057.5570077250063,3.200564188961535,114.34489548129854,113.52621915300789,20.055529229804943,5.520874715942966,175.96787103856667,157.4004521277089,0.0609999999999999
3e2d983d-b229-4378-8d0a-1049484eb1f9,3564.0052517048484,3.4946502807204234,115.13554377712458,114.61512889582195,27.47439678014397,6.36499218619515,184.41964576565135,155.7619863845022,0.0609999999999999
227c13e9-9608-47b0-9b8c-fabe34383242,3204.617928818063,3.4993726577746975,124.29127644731983,106.87787479544279,30.388971293854116,6.647705379252866,197.9578268322929,138.41798354589258,0.0609999999999997
62dcf590-db3a-4014-85bc-04d72264d36b,3589.5480785188056,3.233999638294103,117.07642682936519,101.81285194062534,18.203502239464544,5.658055329838724,186.7940963902377,130.8012287183322,0.0609999999999998
c252aa31-3768-402d-886c-2e6bb67e485e,2460.5908050216235,2.9150146367414864,112.12900283589688,112.41271737870576,18.86474066843716,5.19246321711338,171.65419376469248,156.29643752959018,0.0609999999999999
6df1d589-c1d7-4b59-ade9-4e1c9e967629,2260.101609340271,2.931906501947646,109.35333367901231,111.08280626949983,21.863064830508414,5.611014436221843,178.93516340527802,158.6892031980778,0.0609999999999999
311c28e5-5ac4-4d95-8d53-050421b7292f,3879.9392173507154,3.2208491883563584,112.25136797019589,110.7320752750509,17.965792650644804,5.48000077100395,172.59945051758308,140.01842040579524,0.0669999999999995
416ba33e-dca5-4e44-b05d-f9e25eee659e,3832.286388152622,3.5261434584976374,114.33376512072019,118.08721374178833,27.198388060558536,6.430933850429915,169.91295618390822,155.26583429151603,0.0669999999999999
dc110172-4456-4667-8529-f7edf6564400,3336.266169509089,3.1843466044711564,110.11523443917785,114.73801035222736,17.048478211013826,5.453882536240498,173.36209721868047,148.07235817643473,0.0669999999999998
e3ff7edd-17fe-4333-b60d-f5c4bffecbf5,3563.0656294301875,2.6449905695946847,103.59247795571697,97.42457713056298,8.540332426102312,4.498922449690532,168.42771702875416,115.1951503598297,0.0670000000000002
cb1f53ae-386c-4938-bca6-99916f328488,2845.077950791732,3.3997827881667706,109.43274762908423,118.18492032806545,24.4477857649617,6.197051362176825,171.36601015950774,157.54518131556,0.0669999999999997
4e538e1c-33ea-4a43-b6dc-0d7e760afaf2,2556.9375989044124,3.0524893757632796,111.87161521395845,101.1919368919489,19.73374428903371,5.412324069583205,177.36508018771747,141.73039747586847,0.0670000000000006
5a3cdfe3-c013-4d98-828d-245dd1f5b0ce,4354.105302684689,3.504007786227159,116.29493485704799,125.8893838748532,41.76091768893177,7.33931609189072,179.31508241013353,177.74527928437868,0.0670000000000006
864cd7e1-5e91-412f-add3-ae35653f8f7d,4340.313443499581,3.846736710591426,121.53235609516106,117.36097861670768,42.238135231312626,7.38841535290392,188.11143748631122,156.1198953967046,0.0670000000000006
c4372eb5-50ec-4372-a394-098eaab69812,4689.086886840824,3.8597473018451502,126.38592953360109,105.23264334807361,42.16574055795108,7.4388178111716705,204.3036266691812,132.7107365601696,0.0669999999999997
c25df907-32cc-4938-8e4c-8d228ef822cc,3935.7400372560396,3.886409209726059,124.47280965041332,113.64779356446859,41.455029602379334,7.466572396259908,196.17353552966975,151.19482174745633,0.0669999999999997
990fc215-2fd5-4e68-8037-afdc660311b6,4098.149327386179,3.8178242929210344,118.39286636331032,127.95502876015372,39.27396599539138,7.395586597196662,179.05824373831592,173.52492588006226,0.0669999999999997
a9c2731d-7a6e-43b4-ace2-86f3cb5eefaa,3704.056091818611,3.7006539533064116,127.33759941555387,104.38517422901867,40.643798572220156,7.253909381591536,198.87354704868986,140.55766662345,0.0670000000000002
64abf681-cafc-4f68-af57-125b415bc450,3641.0245313579817,3.724438015456739,119.51618239017563,124.51453291286849,40.265145424495756,7.293302810846021,182.21984750888612,166.79519118806434,0.0670000000000002
a3839e74-4891-41e7-bdb4-2a718a72535a,3318.645688244842,3.4427271489819185,120.08413970011289,100.6930564167352,27.06422728169915,6.36680996936218,197.67373956041632,124.9634664889082,0.0669999999999999
894f976c-480d-4764-ba55-770951d5d556,3380.6639173012964,3.311528235947265,116.3475134594382,117.68374104227179,21.69505762451545,5.921721736999169,179.00539643520213,145.23117088066732,0.0669999999999997
6af62c35-cc57-4fb5-8ea4-672768514a66,2069.0675786565425,3.3215432465024457,114.06264422297056,122.40965162951558,26.35980760178542,6.066045157075846,178.98968761854215,169.1748700192898,0.0670000000000002
80f52efa-6fc5-42c7-95e9-89c460443161,4297.793704976666,3.9379838857784306,124.79626929748186,113.51024488328774,41.927765263775306,7.50496947454773,196.1707479075399,147.5455227386525,0.0669999999999993
ff20120a-5d99-4d52-abcd-a89d19e0c87f,3685.530946871993,3.881062637006341,127.44454768097086,106.4863023210487,40.54310406199909,7.522910082157178,200.06494535515512,143.89819642082367,0.0670000000000002
c4eb3957-ba9d-4a03-9f71-eebc1cca3ceb,3880.3076836803543,3.843413606248842,119.92865096261792,117.33783940377818,43.506119099747856,7.3818032232808415,181.77500582003304,165.24558980388176,4.125
0628a224-40aa-40c7-be33-5474d65709eb,3587.6695207013295,3.4137462751499856,125.59359470617945,97.29252800997739,24.20185268942532,5.833548001674904,193.71763346588187,123.09856605223841,4.125
c36ee690-e1c4-4785-952e-2929c17f6ca5,4423.243555121414,3.609698766869264,127.10929218269709,98.82963582838761,27.061829347320312,6.247407642766337,195.11116999065626,112.47119023001494,4.125
a71992b8-9943-4961-9e37-7ec4a61dfe88,3557.6489121197897,1.8214208795471274,105.87421357436604,80.90441855113515,9.753724272985034,3.1612553051544134,168.58379111187918,89.23093610130488,4.125
07f45191-4573-48aa-b44b-e542938ed53f,3751.400103772487,2.577011145983798,106.20127743941995,93.3282024846517,12.840460536035625,4.399655997500853,168.41143513315745,116.00144960212539,4.125
8e900e33-682c-4bb5-9ca5-829ea083352a,3889.2955676513125,3.4808170585779545,112.73616487642047,110.39199337818091,31.592843599733946,6.500216690462779,176.7669027791538,146.8440704520965,4.125
05bd697b-7c8f-4b1b-9e3c-8587ee0080ed,3984.953117854527,3.4559309799069355,107.60457434562011,117.84846995470757,29.296750143291682,6.429262112453694,162.9671873818199,165.89474244400427,4.125
09e9b37e-b5f3-4814-aaaa-641dd5998ae1,3521.4925079468417,3.3156673146981848,105.40902969876306,118.13968179162346,25.03566037060319,5.802956250292944,154.43521643477806,161.56912316979853,4.125
d4939765-8d27-46b1-bf1f-753405e43fed,3697.817662047037,3.167590131884259,102.70274860890166,106.15883458321892,21.111754688554825,5.3410476358185015,144.97713353969294,142.95554659649318,4.125
2fa09330-461a-4a40-9af2-d8ecba7b129f,4124.326137339262,3.4861220265621524,121.48324234463749,108.53562288712516,26.238667274591265,6.41232421062931,185.6517374436965,138.6887412139973,0.054
e678370c-3939-4c29-bc29-65d5d4adc30a,3918.1600764466407,3.7753378255506904,123.30800380032693,108.57214543430572,31.649721247009687,7.016025557847617,184.5976715868013,140.51015608273482,0.0539999999999996
5040c351-6a33-4f7a-9178-161e96da08b5,3819.9776437853075,3.5540969271491445,127.95718688560764,99.53825342214861,28.24284065833967,6.568617851703913,193.64488156053096,126.50859273033431,0.0539999999999998
0d3a645c-ead6-4ce1-b85e-4b88753d342f,4088.9129376823066,3.5105909620289317,130.47215150982439,89.60111649287316,25.427890429400914,6.3234476037589715,203.79996503833286,105.50093210063834,0.0540000000000004
10c1bde0-fbd9-4a85-a68a-5b55bc627290,3545.7930585633476,3.9157404949462493,135.28144925989756,104.45299081097245,35.38741889218168,7.386408829042921,204.72631836890514,132.57284138047092,0.0539999999999999
18abc46a-4cf7-497a-b6aa-853f74a90402,3776.6769699957163,3.5572571179531267,113.12382918583519,106.77297112156334,30.21866831547228,6.4067944327348085,178.66761661011324,139.55683520992883,4.125
dceb238b-6ade-426b-bd29-8910eda606e4,3650.7268643042576,3.473288668314652,116.0780811342182,119.6350895962565,26.026684965752676,6.047192437341617,175.17044422564015,159.22644538300753,4.125
bd49cfd9-436b-4286-a64e-df1d557b5477,3722.2447190988246,3.5346543099599987,119.69292094102771,112.64520389209467,32.380639895554026,6.5019653462610405,186.14880606962757,148.74366039810343,4.125
8fa22e69-a346-493c-ba94-050d9af80dc7,4079.43157224503,3.656929746638751,119.32009234186773,117.3717340469073,30.497044948667032,6.40265601390337,171.76478420492893,155.4952970353091,4.125
8132f0f5-37a8-4121-ba19-620a1fe5f5e7,3717.3499352943613,3.639184596686937,122.48550950423275,112.2448128262023,36.165137573194926,6.895816809938808,190.0788788638276,151.04649322777829,4.125
834d3684-17bb-4ee4-8da1-cfd4b1164b23,3753.7501316220582,3.421745684431952,116.86329079927988,113.61885400429288,25.44889712359323,6.095413935020228,178.26357519262388,150.36415934673926,4.125
645e6b14-7346-4b24-864d-839c843cc8f3,3240.8975615951454,3.176805493792285,106.34978384417835,121.75588838118014,22.57572476802511,5.265939758804764,153.86001909045572,169.00815037529676,4.125
63a9936a-ef40-4cfe-b5d3-ea1c1c697537,3769.6344908945853,3.3961153633110044,118.35302257340145,108.4151742463406,28.573648569119786,6.215298988686748,181.3972676392829,143.0102156649706,4.125
4095f85a-bf18-4685-9e81-fe4fdec68981,3654.253699702983,3.417012702811085,112.76408761780924,120.38869824255869,25.03862449511976,5.93613199561618,162.56559789566313,170.49230581800177,4.125
a933165a-174e-4bbd-9ff1-1cf44885ba79,3612.6467282940157,2.762964729395377,96.38213059285292,116.92076400799152,17.805789606289412,4.750518642269303,142.9101351534341,162.17358320383994,4.125
bdc3e3a0-7c93-43ab-b135-7353cf6fde20,3966.7178045145893,3.6500826415662506,117.8222960087422,120.88146103781588,27.781853741235487,6.372429011003993,175.1186913546463,159.02860276195042,4.125
